SA2_CODE21,SA2_NAME21,POP_2021,POP_2022,POP_2023,POP_2024,POP_2025,EARNERS_2022_23,MEDIAN_INCOME_2018_19,MEDIAN_INCOME_2019_20,MEDIAN_INCOME_2020_21,MEDIAN_INCOME_2021_22,MEDIAN_INCOME_2022_23,MEAN_INCOME_2022_23,VIF_POP_2021,VIF_POP_2026,VIF_POP_2031,VIF_POP_2036,POP_GROWTH_2021_2025,INCOME_GROWTH_2018_19_2022_23,VIF_GROWTH_2026_2031,VIF_GROWTH_2021_2036
201011001,Alfredton,16841.0,17988.0,18966.0,20082.0,20825.0,11963.0,51620.0,52777.0,55499.0,58316.0,60841.0,72489.0,16841.0,20756.256162719343,23604.443835665763,26060.3208069537,0.23656552461255265,0.1786323130569547,0.13722068424179978,0.547433098209946
201011002,Ballarat,12071.0,11907.0,11769.0,11714.0,11668.0,8186.0,51187.0,50968.0,53232.0,55618.0,58553.0,86356.0,12071.0,11698.293592533973,11803.43060306696,11985.992386500204,-0.03338580067931407,0.14390372555531683,0.008987380056873162,-0.0070423008449835844
201011005,Buninyong,7229.0,7232.0,7299.0,7320.0,7384.0,4731.0,49846.0,51572.0,53959.0,55278.0,57501.0,70993.0,7229.0,7372.079773052123,7685.113371937954,8028.887243298586,0.02144141651680731,0.1535730048549533,0.0424620471457855,0.11064977774223084
201011006,Delacombe,10648.0,11769.0,12824.0,14218.0,15255.0,8047.0,47940.0,49810.0,51041.0,53390.0,56390.0,62175.0,10648.0,15915.186041210129,20475.587468553935,24965.202439256675,0.432663410969196,0.17626199415936594,0.28654402251631184,1.3445907625147142
201011007,Smythes Creek,4211.0,4205.0,4249.0,4255.0,4250.0,2857.0,50938.0,52364.0,55547.0,55423.0,55311.0,66903.0,4211.0,4312.098530074617,4457.413406425163,4725.467837099105,0.009261458085965346,0.08584946405434057,0.03369934043414147,0.12217236691975897
201011008,Wendouree - Miners Rest,15312.0,15364.0,15395.0,15518.0,15548.0,8773.0,43997.0,45129.0,46994.0,49209.0,52596.0,58646.0,15312.0,15716.239218503271,16462.50373430234,17698.521108710993,0.01541274817136884,0.19544514398709012,0.047483657217463726,0.15585952904329892
201011481,Ballarat East - Warrenheip,9654.0,9618.0,9599.0,9672.0,9771.0,5587.0,44643.0,46716.0,47150.0,49244.0,52756.0,63031.0,9654.0,9716.15714407379,9930.551491441212,10118.526179751696,0.01211932877563715,0.18173061846202088,0.022065755440996426,0.048117482882918505
201011482,Ballarat North - Invermay,14701.0,14869.0,14977.0,15118.0,15204.0,9706.0,50709.0,52859.0,55121.0,57302.0,59606.0,74178.0,14701.0,15307.500749410798,15964.735759338226,16285.96738581006,0.034215359499353726,0.17545208937269519,0.04293548768584743,0.10781357634242972
201011483,Canadian - Mount Clear,12206.0,12364.0,12398.0,12410.0,12518.0,7609.0,45072.0,46366.0,48514.0,50715.0,53937.0,62557.0,12206.0,12747.039439365075,13205.305023026132,13594.744564057302,0.025561199410126134,0.19668530351437696,0.03595074651184138,0.11377556644742759
201011484,Sebastopol - Redan,13062.0,12934.0,12847.0,12789.0,12766.0,7166.0,41891.0,43864.0,44993.0,46099.0,50644.0,54026.0,13062.0,13050.380610340651,13501.261297446234,13943.582564061991,-0.022661154493951896,0.20894702919481523,0.034549236575392994,0.06749215771413186
201021009,Bacchus Marsh Surrounds,6533.0,6535.0,6628.0,6707.0,6770.0,4077.0,50261.0,51902.0,54183.0,55574.0,58815.0,69190.0,6533.0,6930.389430160282,7506.6315849723505,8168.704751236802,0.03627736108985147,0.1701915998487893,0.08314715365118253,0.25037574640085736
201021010,Creswick - Clunes,8041.0,7956.0,7966.0,7966.0,8038.0,4828.0,41609.0,42903.0,45414.0,46391.0,48218.0,60153.0,8041.0,8192.938170393376,8439.643396307141,8711.755735092405,-0.00037308792438750515,0.15883582878704128,0.030111935520919397,0.08341695499221546
201021011,Daylesford,9874.0,9990.0,10069.0,10218.0,10342.0,6268.0,38914.0,40004.0,43053.0,43779.0,45296.0,65537.0,9874.0,10515.077206697966,11064.691622258562,11561.607836086947,0.047397204780230906,0.16400267256000411,0.052269175466491014,0.17091430383704131
201021012,Gordon (Vic.),6340.0,6369.0,6390.0,6506.0,6557.0,4204.0,48290.0,49708.0,51046.0,53887.0,57032.0,68107.0,6340.0,6795.330012840209,7233.000027640631,7696.633535210304,0.03422712933753935,0.1810312694139573,0.06440747012630976,0.21398005287228772
201031013,Avoca,3501.0,3527.0,3578.0,3614.0,3609.0,2021.0,38061.0,37257.0,39421.0,41115.0,40952.0,49395.0,3501.0,3609.688520453096,3695.477674384982,3773.9857677625255,0.03084832904884327,0.07595701636846108,0.023766359187445296,0.0779736554591619
201031014,Beaufort,4621.0,4595.0,4686.0,4811.0,4816.0,2610.0,39214.0,41930.0,43371.0,45830.0,47755.0,55450.0,4621.0,4722.371236092066,4871.563780144245,5017.480165666217,0.042198658299069436,0.2178048656092213,0.031592718275075926,0.08579964632465198
201031015,Golden Plains - North,4869.0,4874.0,4914.0,4964.0,5021.0,2992.0,45534.0,45628.0,48053.0,48850.0,52509.0,60034.0,4869.0,5092.228117379736,5326.592874529923,5700.356015653952,0.031217909221606055,0.15318223744893933,0.04602400987306554,0.17074471465474472
201031016,Maryborough (Vic.),8118.0,8152.0,8127.0,8195.0,8229.0,4178.0,37918.0,39195.0,42105.0,42058.0,43533.0,49882.0,8118.0,8281.822670280975,8512.041728298696,8725.682688119177,0.01367331855136733,0.14808270478400765,0.027798114881625535,0.07485620696220474
201031017,Maryborough Surrounds,5479.0,5551.0,5624.0,5679.0,5714.0,3019.0,36436.0,37589.0,38437.0,39814.0,42528.0,49010.0,5479.0,5668.137968508091,5792.110784567589,5891.907308580995,0.042891038510677104,0.16719727741793822,0.021871876928240885,0.07536180116462776
202011018,Bendigo,14955.0,14706.0,14566.0,14422.0,14457.0,9337.0,45573.0,46611.0,48441.0,50674.0,53250.0,64728.0,14955.0,14765.872060350606,14888.338842865893,15166.648069866911,-0.0332998996990973,0.1684550062537029,0.008293907871796735,0.01415232830938895
202011019,California Gully - Eaglehawk,12932.0,13078.0,13270.0,13448.0,13523.0,7811.0,44478.0,46093.0,48239.0,48961.0,53579.0,57099.0,12932.0,13992.286557160633,15224.274541958526,16361.664149142347,0.04570058768945251,0.20461801339988317,0.08804765252376967,0.265207558702625
202011020,East Bendigo - Kennington,13930.0,13862.0,13936.0,13961.0,13941.0,9090.0,46405.0,48169.0,49795.0,51650.0,53522.0,67699.0,13930.0,13976.868695756426,14080.383470377674,14349.924142970913,0.0007896625987078298,0.15336709406313975,0.007406149179370658,0.030145308181687813
202011021,Flora Hill - Spring Gully,9419.0,9368.0,9439.0,9530.0,9534.0,6217.0,47341.0,47812.0,49073.0,51562.0,54223.0,63941.0,9419.0,9505.850143786343,9705.53988726123,10000.31547328105,0.012209364051385396,0.1453708202192603,0.021007036767291876,0.061717323843407
202011022,Kangaroo Flat - Golden Square,21071.0,21171.0,21214.0,21361.0,21369.0,12649.0,45584.0,46682.0,48387.0,49519.0,51756.0,58453.0,21071.0,21999.428930557522,23055.318395864542,24205.017717460174,0.014142660528688733,0.13539838539838533,0.04799622156738681,0.14873606935884265
202011023,Maiden Gully,5502.0,5587.0,5716.0,5801.0,5869.0,3878.0,50690.0,52811.0,55996.0,56983.0,60563.0,69119.0,5502.0,6013.083803836606,6767.376392484428,7771.746466281848,0.0667030170846965,0.19477214440718082,0.12544188859742,0.41253116435511594
202011024,Strathfieldsaye,10679.0,11012.0,11248.0,11457.0,11705.0,7365.0,52829.0,55664.0,58262.0,59973.0,63349.0,75242.0,10679.0,12397.965363605614,14147.303081673352,15715.221995896538,0.09607641164903091,0.19913305192223962,0.14109877441688456,0.47160052400941455
202011025,White Hills - Ascot,14452.0,14875.0,15190.0,15630.0,16095.0,9380.0,49670.0,51450.0,53936.0,55439.0,58860.0,64662.0,14452.0,16833.58275974674,19034.87100446017,20785.097549763945,0.11368668696374207,0.18502113952083743,0.13076766105770732,0.43821599430971103
202021026,Bendigo Surrounds - South,8311.0,8555.0,8782.0,8941.0,9094.0,5707.0,49625.0,50741.0,54318.0,55416.0,57273.0,69636.0,8311.0,9281.094257250075,10263.577853786246,11238.761025448792,0.0942124894717844,0.1541158690176323,0.10585859482772597,0.35227542118262445
202021027,Castlemaine,11291.0,11330.0,11475.0,11507.0,11640.0,6828.0,40468.0,41595.0,44204.0,45813.0,47607.0,60089.0,11291.0,11778.046299655152,12361.344288619192,12917.39550240345,0.030909573996988682,0.1764109914006129,0.04952417184682978,0.1440435304581924
202021028,Castlemaine Surrounds,9147.0,9281.0,9376.0,9571.0,9675.0,5960.0,39524.0,40072.0,43623.0,45103.0,45665.0,58734.0,9147.0,9621.149937620365,9947.478884084436,10218.944862424758,0.05772384388324037,0.15537395000506016,0.03391787349535713,0.1171908672160007
202021029,Heathcote,5026.0,5148.0,5247.0,5311.0,5382.0,2860.0,41249.0,42352.0,43901.0,47244.0,48411.0,58454.0,5026.0,5407.8477767783515,5719.635905626411,6078.351635401824,0.07083167528849987,0.17362845159882667,0.05765475318793145,0.20938154305647116
202021030,Kyneton,10499.0,10549.0,10554.0,10580.0,10665.0,6897.0,44785.0,46951.0,51477.0,52864.0,55955.0,75458.0,10499.0,10982.506717599741,11665.609223859812,12384.021146991503,0.015811029621868755,0.2494138662498604,0.06219914303948326,0.179542922848986
202021031,Woodend,7911.0,7975.0,8023.0,8008.0,8084.0,5278.0,53803.0,54366.0,58951.0,59961.0,60940.0,85260.0,7911.0,8383.04495748784,9020.915939036497,9624.326500628213,0.02186828466691937,0.13265059569169013,0.0760906072654306,0.2165752118099118
202031032,Bendigo Surrounds - North,4908.0,4998.0,5126.0,5361.0,5505.0,3206.0,45579.0,46756.0,48045.0,50636.0,53366.0,61598.0,4908.0,5609.910171092287,6619.335966884338,7747.280389205215,0.12163814180929089,0.1708462230413128,0.17993617812163798,0.5785004867981287
202031033,Loddon,7233.0,7252.0,7230.0,7224.0,7231.0,4211.0,38917.0,38772.0,39610.0,43980.0,43718.0,51785.0,7233.0,7277.545782414385,7319.8895666670005,7363.3804604086035,-0.00027651043826903976,0.1233651103630804,0.005818415372244923,0.01802577912465142
203011034,Bannockburn,7738.0,7933.0,8114.0,8266.0,8395.0,5147.0,52894.0,55096.0,57203.0,58081.0,62345.0,74608.0,7738.0,8958.622796997844,10682.972288483148,12961.241260827577,0.08490566037735858,0.17867811093885888,0.19247930519668222,0.6750117938521036
203011035,Golden Plains - South,8074.0,8231.0,8444.0,8732.0,8954.0,5410.0,47638.0,48979.0,51773.0,53168.0,56649.0,66686.0,8074.0,8913.105433074767,9699.021505408125,10648.935655560657,0.10899182561307907,0.18915571602502212,0.08817533666963939,0.3189169749270073
203011036,Winchelsea,6585.0,6652.0,6753.0,6921.0,7079.0,4670.0,47115.0,48100.0,50399.0,51842.0,52647.0,70432.0,6585.0,7013.699915065137,7569.56442488315,8077.190271790176,0.07501898253606676,0.11741483603947778,0.07925410504433472,0.226604445222502
203021037,Belmont,15000.0,14926.0,14962.0,15085.0,15227.0,9700.0,46219.0,47807.0,50423.0,53949.0,58028.0,66616.0,15000.0,15138.496790715224,15741.187207822495,16448.605969938028,0.015133333333333443,0.2555009844436271,0.03981177427582594,0.09657373132920188
203021039,Geelong,13487.0,13521.0,13623.0,13690.0,13719.0,9581.0,49367.0,51244.0,53275.0,55922.0,59668.0,78134.0,13487.0,13872.304235181295,14492.841234631363,15509.57883580177,0.017201749833172686,0.20866165657220415,0.04473207831445447,0.14996506530746423
203021040,Geelong West - Hamlyn Heights,21255.0,21350.0,21801.0,22084.0,22415.0,14577.0,53387.0,54369.0,57802.0,61219.0,64962.0,77053.0,21255.0,23268.592934571374,26560.681997058615,30155.408563389214,0.054575394024935386,0.21681308183640202,0.14148208582032518,0.41874422787058174
203021042,Highton,24091.0,24561.0,25098.0,25546.0,25794.0,16774.0,50370.0,51191.0,54265.0,57671.0,59667.0,78444.0,24091.0,25484.674254829206,26797.465940450027,28239.587008224975,0.07069029928188941,0.18457415128052412,0.051512986687363815,0.17220484862500407
203021043,Lara,20859.0,21342.0,22051.0,22923.0,23952.0,13635.0,53212.0,54208.0,56033.0,58531.0,61644.0,71015.0,20859.0,23325.519743803005,25688.971778596162,27924.791997390923,0.1482813174169424,0.15846049763211312,0.10132473191389724,0.3387406873479517
203021044,Leopold,13220.0,13314.0,13489.0,13715.0,13869.0,8696.0,47777.0,48688.0,50806.0,52438.0,55483.0,63414.0,13220.0,13837.53685848727,14512.387162839757,15320.789040768259,0.0490922844175492,0.16129099776042866,0.048769539785439964,0.1589099123122737
203021045,Newcomb - Moolap,15410.0,15270.0,15167.0,15140.0,15187.0,9158.0,43263.0,44487.0,45722.0,47501.0,50983.0,56422.0,15410.0,15418.861125465244,15954.948517763978,16587.62767336165,-0.014471122647631396,0.17844347363798163,0.03476828722540026,0.0764197062531895
203021046,Newtown (Vic.),10408.0,10278.0,10331.0,10379.0,10393.0,7353.0,56267.0,57481.0,62986.0,64024.0,67250.0,102076.0,10408.0,10530.518488246755,11071.656711180747,11689.794823314534,-0.0014411990776326267,0.19519434126575086,0.05138761434567196,0.12315476780500911
203021047,North Geelong - Bell Park,15741.0,15697.0,15684.0,15657.0,15724.0,9746.0,47874.0,48784.0,50472.0,52646.0,56475.0,67052.0,15741.0,16434.305358423026,18218.5352459882,21486.42835994613,-0.0010799822120576286,0.17965910515102146,0.10856740511096263,0.364997672317269
203021485,Charlemont,10329.0,11829.0,12681.0,13969.0,15110.0,7777.0,52520.0,53238.0,56013.0,59449.0,62596.0,69072.0,10329.0,17711.60661785742,24882.03917626517,29913.11281315615,0.46287152676929044,0.19185072353389176,0.4048437114213168,1.896031833977747
203021486,Corio - Lovely Banks,18356.0,18220.0,18356.0,18450.0,18486.0,10380.0,42650.0,43873.0,45205.0,47419.0,50781.0,55418.0,18356.0,19610.466576595958,22108.428296641545,26214.512657443633,0.007082152974504208,0.19064478311840571,0.12737900499658528,0.42811683686225943
203021487,Grovedale - Mount Duneed,24827.0,25804.0,26622.0,27722.0,28585.0,17350.0,47277.0,48249.0,51013.0,54344.0,58133.0,66271.0,24827.0,29327.12488967593,32810.45118788985,35029.52328378612,0.15136746284287272,0.22962539924276082,0.11877489905054261,0.41094466845716826
203021488,Norlane,9040.0,8937.0,8931.0,8906.0,8833.0,4783.0,38144.0,39539.0,39945.0,42085.0,46544.0,49670.0,9040.0,8907.513318839623,9037.247550983877,9260.875026233609,-0.022898230088495564,0.22021812080536907,0.014564584693896876,0.024433078123186736
203031048,Clifton Springs,16729.0,17105.0,17494.0,17695.0,17912.0,10582.0,45844.0,46677.0,48551.0,50000.0,53917.0,63967.0,16729.0,18677.42423200872,20697.906346994278,22419.988677863304,0.07071552394046265,0.17609719919727773,0.10817777065442047,0.3401870212124636
203031049,Lorne - Anglesea,6192.0,6262.0,6201.0,6261.0,6307.0,4340.0,39200.0,40322.0,43388.0,44994.0,48068.0,73201.0,6192.0,6585.648480382609,6976.336808319738,7339.859699987687,0.018572351421188626,0.22622448979591847,0.05932420005424155,0.18537785852514332
203031051,Portarlington,9460.0,9911.0,10260.0,10599.0,10874.0,6024.0,38129.0,39214.0,41213.0,43411.0,45117.0,59386.0,9460.0,10977.100391182974,11888.361405109352,12442.371631771442,0.14947145877378443,0.18327257468068914,0.0830147289769092,0.31526127185744635
203031052,Point Lonsdale - Queenscliff,5459.0,5574.0,5704.0,5862.0,6053.0,3787.0,41762.0,42373.0,43789.0,48873.0,49795.0,76639.0,5459.0,5920.71154593529,6255.794439447783,6559.918750528543,0.10881113757098371,0.1923518988554187,0.056595037760712286,0.20167040676470838
203031053,Torquay,24636.0,25439.0,25996.0,26368.0,26581.0,17052.0,52874.0,53734.0,57454.0,59645.0,62082.0,84396.0,24636.0,28146.9899928785,30643.55026790249,32274.763749070673,0.07894950478973861,0.17414986571850055,0.08869723816492092,0.31006509778659974
203031489,Barwon Heads - Armstrong Creek,11326.0,12185.0,13265.0,14374.0,15749.0,8741.0,52538.0,54792.0,56229.0,60288.0,63577.0,82714.0,11326.0,15169.355000453616,18645.287327362774,21979.546613835566,0.3905173936076285,0.21011458372987168,0.22914173521584913,0.9406274601655982
203031490,Ocean Grove,19393.0,19828.0,20188.0,20456.0,20792.0,12881.0,49619.0,49847.0,52476.0,54575.0,57956.0,76115.0,19393.0,21418.493235001453,22982.78434801905,24362.082690767435,0.07213943175372561,0.16802031479876667,0.07303460126043215,0.25623073741903957
204011054,Alexandra,6771.0,6785.0,6820.0,6836.0,6849.0,4304.0,37412.0,37994.0,41137.0,43356.0,44227.0,55836.0,6771.0,6848.735211752394,7099.568537454561,7331.058569959492,0.011519716437749183,0.1821608040201006,0.03662476617167765,0.082714306595701
204011055,Euroa,6866.0,6862.0,6835.0,6859.0,6880.0,4193.0,37560.0,38329.0,39897.0,44097.0,44464.0,54751.0,6866.0,7042.248613020068,7334.105022740736,7620.181090654674,0.002039032915817085,0.18381256656017042,0.04144363906452675,0.10984286202369264
204011056,Kilmore - Broadford,15523.0,15748.0,16084.0,16450.0,16694.0,9730.0,49344.0,50835.0,52956.0,54311.0,57616.0,66272.0,15523.0,16938.91165385812,18662.168037696272,20396.293718769328,0.07543644913998593,0.16763942931258113,0.10173359534853321,0.3139401996243849
204011057,Mansfield (Vic.),10463.0,10669.0,10887.0,11117.0,11324.0,6849.0,36399.0,37245.0,41840.0,41574.0,44758.0,58759.0,10463.0,11328.974186133008,12228.8802570778,13014.629067043736,0.08228997419478157,0.22964916618588416,0.07943402960934498,0.24387164933993466
204011058,Nagambie,4509.0,4619.0,4693.0,4811.0,4936.0,2977.0,45389.0,45021.0,48396.0,51076.0,52340.0,61941.0,4509.0,5037.403214628951,5437.81826630397,5803.843503888142,0.09469948990907073,0.1531428319636916,0.07948838610182851,0.28716866353695747
204011059,Seymour,6546.0,6557.0,6637.0,6816.0,6911.0,3953.0,42563.0,43818.0,44692.0,47273.0,48388.0,55476.0,6546.0,6594.305446821917,6658.465653258455,6721.733377022984,0.05575924228536522,0.13685595470244105,0.009729638239226457,0.026845917663150587
204011060,Seymour Surrounds,4633.0,4531.0,4490.0,4446.0,4488.0,2728.0,50600.0,52884.0,55244.0,57634.0,60829.0,69760.0,4633.0,4616.624571332345,4694.08334317515,4752.149668398373,-0.03129721562702348,0.2021541501976285,0.01677822630928172,0.02571760595691197
204011061,Upper Yarra Valley,240.0,240.0,243.0,246.0,236.0,122.0,40944.0,38294.0,39860.0,43010.0,49395.0,51368.0,240.0,240.0,240.0,240.0,-0.01666666666666672,0.2064038686987104,0.0,0.0
204011062,Yea,4142.0,4251.0,4288.0,4331.0,4368.0,2563.0,37481.0,39146.0,40606.0,42809.0,44688.0,56337.0,4142.0,4508.0637334891635,4776.199132069903,5015.376185514852,0.05456301303718014,0.1922840906059069,0.05947906117405455,0.210858567241635
204021063,Benalla,10753.0,10711.0,10755.0,10833.0,10861.0,6539.0,41541.0,42870.0,45165.0,46425.0,48248.0,56422.0,10753.0,10855.526035601379,11010.816731340214,11157.802261299123,0.010043708732446754,0.16145494812354055,0.014305220698614729,0.03764551858077958
204021064,Benalla Surrounds,3754.0,3779.0,3790.0,3808.0,3809.0,2511.0,37074.0,38408.0,41823.0,44259.0,43585.0,54988.0,3754.0,3865.6042741746014,3941.479377637105,4015.6701124039864,0.0146510388918486,0.17562172951394506,0.019628264581920796,0.06970434533936776
204021065,Rutherglen,4021.0,4024.0,4075.0,4108.0,4120.0,2816.0,44995.0,46645.0,47707.0,51130.0,52910.0,57687.0,4021.0,4158.430197120846,4329.9706467158385,4505.531086862881,0.02462074110917678,0.17590843427047442,0.04125125142505959,0.12050014594948544
204021066,Wangaratta,19884.0,19924.0,19912.0,19988.0,20019.0,12606.0,45429.0,46065.0,48868.0,50009.0,52675.0,61364.0,19884.0,20592.42368196077,21338.370187101667,22026.552562487897,0.006789378394689294,0.15950163992163602,0.03622431806287851,0.1077525931647505
204021067,Wangaratta Surrounds,9867.0,9914.0,9995.0,10050.0,10070.0,7034.0,40738.0,42279.0,46062.0,47812.0,48390.0,58954.0,9867.0,10049.637127419197,10153.629891034707,10235.44816656476,0.020573629269281524,0.18783445431783585,0.01034791229742793,0.0373414580485214
204031068,Beechworth,4953.0,4897.0,4915.0,4933.0,4962.0,3301.0,41952.0,43830.0,46643.0,49233.0,50434.0,61240.0,4953.0,5137.496205525031,5432.145362042021,5709.296425563025,0.001817080557237949,0.20218344774980923,0.057352676231685606,0.15269461448879973
204031069,Bright - Mount Beauty,8857.0,8870.0,8869.0,8897.0,8976.0,6042.0,36774.0,36593.0,42145.0,42701.0,45328.0,58619.0,8857.0,9105.242484367656,9339.745953230977,9554.466684675384,0.013435700575815668,0.2326099961929624,0.025754774709836337,0.07874750871349034
204031070,Chiltern - Indigo Valley,3157.0,3168.0,3190.0,3220.0,3257.0,2260.0,47539.0,47771.0,50509.0,51970.0,53067.0,59519.0,3157.0,3269.7289002979296,3359.4993409818367,3451.8471902471256,0.031675641431738955,0.11628347251730164,0.027455010314686223,0.09339473875423687
204031071,Myrtleford,4717.0,4671.0,4637.0,4606.0,4635.0,3252.0,39783.0,41188.0,44593.0,46554.0,48034.0,56251.0,4717.0,4719.830907771563,4774.642341179205,4838.9787190205825,-0.017383930464278108,0.2074001457909158,0.011613007855300506,0.02585938499482343
204031072,Towong,6156.0,6125.0,6169.0,6141.0,6155.0,3981.0,38340.0,41052.0,44090.0,47488.0,47907.0,58136.0,6156.0,6175.232161138143,6233.588309255037,6291.861019964863,-0.00016244314489932687,0.2495305164319248,0.00945003306663339,0.022069691352316845
204031073,West Wodonga,15364.0,15361.0,15437.0,15457.0,15495.0,10033.0,49329.0,50813.0,52357.0,54135.0,57249.0,63417.0,15364.0,15657.425253125459,16188.435761631912,16621.162069094466,0.008526425410049443,0.16055464331326408,0.0339142930540548,0.08182518023265195
204031075,Yackandandah,5189.0,5295.0,5411.0,5434.0,5498.0,3643.0,47780.0,48861.0,51707.0,54173.0,54152.0,64310.0,5189.0,5520.8857702176865,5738.433205268195,5967.092329654763,0.059549046058970934,0.13336123901213903,0.03940444416076572,0.1499503429668072
204031491,Baranduda - Leneva,12790.0,13236.0,13703.0,14055.0,14578.0,8794.0,55387.0,56508.0,58436.0,61027.0,63530.0,69049.0,12790.0,15913.70038766079,19105.03736526383,21940.112743561513,0.13979671618451905,0.14702005885857683,0.20054022005325334,0.715411473304262
204031492,Wodonga,15053.0,14760.0,14663.0,14691.0,14644.0,9587.0,45848.0,47340.0,48970.0,49906.0,53152.0,58046.0,15053.0,14683.951387407675,14901.526997645555,15103.726400058995,-0.02717066365508536,0.15930902111324374,0.0148172385278027,0.003369853189330696
205011076,Drouin,19800.0,20528.0,21152.0,21760.0,22118.0,12730.0,45377.0,46770.0,48829.0,50060.0,54579.0,61945.0,19800.0,23171.161364945154,26668.9744954133,30068.793702854284,0.1170707070707071,0.20278995967119906,0.15095545170903102,0.5186259445886001
205011077,Mount Baw Baw Region,6544.0,6620.0,6671.0,6716.0,6750.0,4370.0,40025.0,41558.0,44501.0,46017.0,47821.0,64046.0,6544.0,6674.515864814548,6786.93729140468,6902.563740056894,0.031479217603912035,0.1947782635852593,0.01684338293100396,0.05479274756370622
205011078,Trafalgar (Vic.),8319.0,8442.0,8473.0,8563.0,8618.0,5368.0,44415.0,45255.0,47712.0,49147.0,53105.0,63814.0,8319.0,8783.731547249534,9304.481705587954,9833.691522025998,0.03594181993028012,0.19565462118653598,0.05928575520975299,0.18207615362735874
205011079,Warragul,23098.0,23759.0,24380.0,24850.0,25392.0,15340.0,45370.0,47477.0,49980.0,52200.0,54721.0,67308.0,23098.0,26185.72927041992,29335.48651985055,32502.122877887028,0.09931595809160965,0.20610535596208956,0.12028525984146166,0.4071401367169032
205021080,Alps - East,0.0,0.0,0.0,0.0,0.0,,32682.0,,32740.0,,,,0.0,0.0,0.0,0.0,,,,
205021081,Bairnsdale,15653.0,15743.0,15769.0,15724.0,15917.0,9735.0,41036.0,42282.0,44730.0,46466.0,47926.0,55869.0,15653.0,16557.084499122047,17596.114912922025,18733.018238415898,0.016865776528460996,0.16790135490788582,0.06275443082114318,0.19676855800267656
205021082,Bruthen - Omeo,8245.0,8393.0,8479.0,8554.0,8651.0,5669.0,37178.0,39879.0,42958.0,44982.0,45772.0,53472.0,8245.0,8812.17265175204,9219.053184034778,9652.287848192773,0.04924196482716803,0.23115821184571517,0.046172555663879455,0.17068378995667355
205021083,Lake King,0.0,0.0,0.0,0.0,0.0,,,,,,,,0.0,0.0,0.0,0.0,,,,
205021084,Lakes Entrance,11095.0,11163.0,11221.0,11259.0,11331.0,6274.0,35017.0,36066.0,36933.0,37849.0,40731.0,51859.0,11095.0,11611.348229594256,12182.289891504086,12789.456460262325,0.021270842721946792,0.16317788502727248,0.049171005004797985,0.15272252909079098
205021085,Orbost,6693.0,6668.0,6651.0,6671.0,6727.0,3851.0,32236.0,35133.0,36238.0,38243.0,39166.0,48437.0,6693.0,6649.667906287969,6588.575603319815,6530.898950403668,0.005079934259674346,0.2149770442983001,-0.009187271278673248,-0.02421949045216376
205021086,Paynesville,6902.0,6971.0,7020.0,7113.0,7190.0,4106.0,35793.0,36500.0,38308.0,40853.0,43869.0,54378.0,6902.0,7475.268676237043,8095.481936667063,8742.30021222492,0.04172703564184288,0.2256307099153465,0.0829686914667831,0.2666328907888902
205031087,Foster,9378.0,9421.0,9479.0,9574.0,9631.0,5833.0,35226.0,36966.0,39546.0,40798.0,41646.0,54226.0,9378.0,9790.19744925186,10298.960844613166,10797.526583974375,0.02697803369588403,0.18225174586952808,0.05196661231793476,0.15136773128325598
205031088,French Island,138.0,141.0,138.0,138.0,133.0,73.0,14445.0,20492.0,20474.0,25068.0,18978.0,45996.0,138.0,109.98810217519221,99.9649577702522,96.0459310993809,-0.036231884057971064,0.3138110072689513,-0.09112935132724498,-0.3040149920334718
205031089,Korumburra,9787.0,9902.0,9872.0,9944.0,10007.0,6334.0,39782.0,42554.0,44487.0,46594.0,47876.0,56588.0,9787.0,10347.740059546399,10925.399808737962,11477.953590766268,0.022478798406048828,0.20345885073651404,0.05582472557944085,0.17277547673099702
205031090,Leongatha,11439.0,11545.0,11617.0,11636.0,11699.0,7346.0,40525.0,42664.0,44602.0,46567.0,48404.0,59424.0,11439.0,11949.366767332831,12528.194550593109,13091.698378350093,0.022729259550660075,0.19442319555829735,0.04844003824894538,0.1444792707710545
205031091,Phillip Island,13736.0,14058.0,14253.0,14503.0,14795.0,8477.0,35966.0,36163.0,39124.0,39420.0,43583.0,56923.0,13736.0,14860.146123064465,15728.079067420185,16675.20698119468,0.07709668025626093,0.21178335094255685,0.05840675705123788,0.21397837661580366
205031092,Wilsons Promontory,15.0,15.0,15.0,15.0,15.0,7.0,70131.0,73640.0,57595.0,62022.0,92310.0,85192.0,15.0,15.0,15.0,15.0,0.0,0.31625101595585403,0.0,0.0
205031093,Wonthaggi - Inverloch,26745.0,27510.0,28211.0,28729.0,29333.0,16547.0,38023.0,40022.0,42257.0,43268.0,46209.0,57469.0,26745.0,29211.295488076496,31652.441545532252,34045.018405715186,0.0967657506075903,0.21529074507534918,0.08356856540142799,0.2729489028123082
205041094,Churchill,11858.0,11968.0,12069.0,12189.0,12325.0,7212.0,47220.0,47349.0,49161.0,51215.0,54471.0,66184.0,11858.0,12160.764059323501,12358.278306037879,12538.835531546549,0.039382695226851006,0.15355781448538752,0.016241927378152443,0.057415713572824156
205041095,Moe - Newborough,17272.0,17291.0,17309.0,17450.0,17640.0,9516.0,43163.0,44539.0,45862.0,47220.0,50562.0,59522.0,17272.0,17544.218454061545,17850.61875828175,18110.11640263326,0.02130616025937937,0.1714199661747331,0.017464460159481998,0.048524571713365994
205041096,Morwell,14400.0,14396.0,14420.0,14470.0,14487.0,7395.0,39893.0,41049.0,41353.0,42214.0,45199.0,53413.0,14400.0,14603.5160821547,14796.96633850463,14956.59911361289,0.006041666666666723,0.13300579048955963,0.01324682735730498,0.03865271622311739
205041098,Yallourn North - Glengarry,4693.0,4718.0,4797.0,4909.0,4972.0,3068.0,50209.0,51296.0,52752.0,56295.0,58992.0,68025.0,4693.0,4826.567283188941,4893.093480235178,4951.0086121130325,0.05945024504581298,0.17492879762592373,0.01378333567998724,0.05497733051630771
205041493,Traralgon - East,11970.0,12106.0,12170.0,12213.0,12362.0,7290.0,48156.0,50162.0,51274.0,53107.0,56746.0,69684.0,11970.0,12479.54369418431,12929.939355652028,13374.407757719784,0.03274853801169586,0.17837860287399288,0.036090715534544016,0.11732729805511988
205041494,Traralgon - West,16774.0,16932.0,17035.0,17158.0,17236.0,10942.0,53700.0,55051.0,56909.0,57777.0,61676.0,73675.0,16774.0,17861.484938343772,19212.33074678291,20665.26858937796,0.027542625491832506,0.14852886405959032,0.07562897559201476,0.2319821503146513
205051099,Alps - West,23.0,23.0,23.0,23.0,23.0,15.0,15256.0,8401.0,23479.0,36311.0,10357.0,25583.0,23.0,23.0,23.0,23.0,0.0,-0.3211195595175669,0.0,0.0
205051100,Longford - Loch Sport,4906.0,4927.0,4932.0,4967.0,4993.0,2940.0,40484.0,43513.0,44951.0,46497.0,48241.0,62607.0,4906.0,5169.375598389654,5467.434066368281,5757.576917767013,0.0177333876885446,0.1916065606165398,0.057658504843694613,0.17357866240664754
205051101,Maffra,14698.0,14913.0,15138.0,15388.0,15549.0,9501.0,42324.0,43786.0,45769.0,48427.0,49906.0,59030.0,14698.0,15532.06041447728,16235.243668299516,16890.670021154878,0.05789903388216078,0.17914185804744354,0.045273018199620596,0.14918152273471752
205051102,Rosedale,4912.0,4853.0,4865.0,4893.0,5020.0,2717.0,39633.0,44129.0,46935.0,48742.0,50723.0,61432.0,4912.0,5021.5311844651915,5163.159110784017,5278.338923429716,0.021986970684038987,0.2798173239472157,0.02820413159176849,0.07458039972103325
205051103,Sale,15264.0,15258.0,15275.0,15270.0,15232.0,9615.0,46563.0,47437.0,48806.0,50185.0,53045.0,67049.0,15264.0,15784.836294462451,16395.83253023839,16997.995763750016,-0.002096436058700246,0.13920924339067509,0.03870779679801206,0.11360035139871694
205051104,Yarram,5555.0,5579.0,5566.0,5598.0,5587.0,3329.0,35690.0,37535.0,40344.0,41427.0,41701.0,57087.0,5555.0,5714.817780540337,5854.8153343574195,5975.4590830264215,0.005760576057605826,0.16842252731857665,0.024497290936168037,0.07569020396515236
206011106,Brunswick East,12964.0,13238.0,13691.0,14328.0,14693.0,10511.0,57614.0,61026.0,66910.0,72010.0,74422.0,86226.0,12964.0,15346.43422941323,17075.76148160942,18735.59326472117,0.1333693304535637,0.29173464782865266,0.11268593253289638,0.44520157858077525
206011107,Brunswick West,14497.0,14619.0,15115.0,15538.0,15988.0,10720.0,54089.0,55045.0,58595.0,63478.0,66073.0,79743.0,14497.0,15560.279770043158,16551.979992772158,17581.87958630655,0.10284886528247217,0.22156076096803412,0.06373280155529293,0.212794342712737
206011109,Pascoe Vale South,10463.0,10398.0,10600.0,10831.0,10907.0,7097.0,57810.0,59699.0,62135.0,65771.0,69476.0,84419.0,10463.0,10778.418562450594,11351.865790336295,11955.055281702404,0.04243524801682108,0.20179899671337131,0.05320328066340396,0.14260300886002142
206011495,Brunswick - North,13077.0,13185.0,13976.0,14474.0,15255.0,10386.0,52049.0,53950.0,60201.0,65415.0,68421.0,81917.0,13077.0,15409.131863318085,16950.34696308954,18221.122704367946,0.16655196145905027,0.3145497511959885,0.10001959315049835,0.39337177520593003
206011496,Brunswick - South,13208.0,13303.0,14204.0,15081.0,15366.0,10655.0,57679.0,60448.0,65288.0,69040.0,71438.0,86639.0,13208.0,16412.98742441411,18444.55760483034,20132.198774109762,0.16338582677165348,0.23854435756514514,0.12377820855417809,0.5242427902869293
206011497,Coburg - East,12675.0,12901.0,13482.0,13887.0,14457.0,9415.0,51166.0,52372.0,56250.0,59723.0,63533.0,77751.0,12675.0,14711.7365316079,17130.631019425728,19291.859485526067,0.14059171597633147,0.24170347496384315,0.16441937242560578,0.5220401960967311
206011498,Coburg - West,14184.0,14066.0,14476.0,14767.0,14989.0,9458.0,53784.0,55658.0,59979.0,64080.0,67999.0,84331.0,14184.0,14514.153493181828,15090.559849973928,15663.599984112361,0.05675408911449531,0.26429793247062316,0.039713398171162595,0.10431471969207284
206021110,Alphington - Fairfield,9069.0,9142.0,9469.0,9653.0,9749.0,6497.0,60064.0,63479.0,66690.0,69199.0,74486.0,99718.0,9069.0,9784.012364806902,10506.000026066951,11266.000254587663,0.07498070349542396,0.2401105487480022,0.07379259493344881,0.24225385980677738
206021112,Thornbury,19153.0,19126.0,19544.0,19893.0,20234.0,13238.0,57327.0,59419.0,63282.0,67597.0,71032.0,86987.0,19153.0,20035.52532043016,20890.500051832434,21790.500492419003,0.056440244348143986,0.23906710625010907,0.042672938080164036,0.1377069123593695
206021499,Northcote - East,15229.0,15082.0,15490.0,15836.0,15969.0,10894.0,61859.0,64262.0,69078.0,72223.0,75000.0,100615.0,15229.0,16096.320342154675,17141.300042530125,18131.300409728854,0.048591503053385,0.2124347305970029,0.06492040902284679,0.1905772151637568
206021500,Northcote - West,10424.0,10437.0,10682.0,10878.0,11026.0,7748.0,62150.0,65112.0,69352.0,74635.0,77610.0,99734.0,10424.0,10993.493893321483,11563.48002869072,12193.48027554674,0.05775134305448959,0.2487530168946097,0.051847587391256944,0.169750602028659
206031113,Ascot Vale,15351.0,15148.0,15674.0,16078.0,16398.0,10820.0,60137.0,61923.0,65430.0,69847.0,71199.0,94055.0,15351.0,16343.290597721796,17509.12061999594,18863.42495551862,0.06820402579636498,0.18394665513743624,0.07133386115257956,0.22880756664182278
206031115,Flemington,9181.0,9143.0,9729.0,10215.0,9935.0,6747.0,50596.0,52798.0,56370.0,58481.0,61222.0,76216.0,9181.0,10448.657138179462,11351.031612035233,12340.892457515029,0.08212613005119263,0.21001660210293305,0.08636272220652064,0.3441773725645385
206031116,Moonee Ponds,16400.0,16547.0,17157.0,17752.0,17965.0,12416.0,60886.0,62565.0,66331.0,70516.0,73817.0,97009.0,16400.0,18324.54737110352,21269.181025635393,23878.837242157355,0.09542682926829271,0.2123805144039681,0.16069339094156,0.45602666110715573
206031501,Essendon (West) - Aberfeldie,16175.0,16145.0,16584.0,17096.0,17119.0,11835.0,58489.0,59779.0,62553.0,66027.0,69673.0,95356.0,16175.0,17197.201284198047,18166.05010702338,19155.892783007377,0.05836166924265851,0.1912154422199046,0.05633758696047697,0.18429012568824588
206031502,Essendon - East,12314.0,12252.0,12616.0,12876.0,13196.0,9322.0,59665.0,61535.0,64587.0,68651.0,71429.0,94431.0,12314.0,12988.64147227935,13796.019173913206,14578.896269059354,0.0716257917817118,0.1971675186457722,0.06216028853802591,0.18392855847485423
206041117,Carlton,17064.0,17942.0,21321.0,23758.0,25267.0,16042.0,30578.0,31670.0,35808.0,35484.0,32418.0,52481.0,17064.0,21255.103790882153,22112.68010050637,23258.24410137973,0.4807196436943273,0.06017398129374052,0.040346841777930686,0.3630007091760272
206041118,Docklands,15905.0,16395.0,17661.0,18407.0,19139.0,13605.0,47656.0,51671.0,60047.0,62393.0,63757.0,81181.0,15905.0,18987.558368200578,22294.91815445824,27684.78619966895,0.20333228544482873,0.3378588215544738,0.17418562840584406,0.7406341527613298
206041119,East Melbourne,4959.0,4860.0,5066.0,5169.0,5245.0,4173.0,71031.0,73986.0,79609.0,83194.0,80808.0,135386.0,4959.0,5022.496407464954,5119.227880757098,5218.974864222624,0.057672917927001466,0.13764412721206232,0.019259640116092713,0.05242485666921226
206041120,Flemington Racecourse,78.0,78.0,78.0,78.0,78.0,106.0,49460.0,56313.0,54705.0,65880.0,64649.0,69119.0,78.0,528.0470967140378,1548.468219453029,2280.02235634462,0.0,0.3070966437525273,1.9324433920552297,28.231055850572055
206041121,Kensington (Vic.),10872.0,10968.0,11358.0,11625.0,12423.0,8147.0,65385.0,68308.0,72111.0,76471.0,78240.0,93102.0,10872.0,11842.054463576404,12787.99356189989,13891.965366014578,0.14266004415011047,0.1966047258545538,0.0798796442993055,0.27777459216469635
206041124,Parkville,7428.0,7398.0,7937.0,8184.0,8280.0,4768.0,42895.0,42791.0,45552.0,48184.0,47222.0,72138.0,7428.0,8027.834420246216,8345.30092274573,8780.789462309373,0.1147011308562198,0.10087422776547372,0.039545721284293345,0.18212028302495598
206041125,South Yarra - West,6536.0,6540.0,6760.0,6893.0,6894.0,5142.0,64987.0,61112.0,71723.0,79790.0,78239.0,147210.0,6536.0,6751.4607463545535,6935.184561088562,7204.677252877771,0.0547735618115055,0.2039177066182467,0.02721245396164229,0.10230680123588898
206041127,West Melbourne - Industrial,0.0,0.0,0.0,0.0,0.0,6.0,21900.0,90927.0,45831.0,31259.0,68366.0,79644.0,0.0,0.0,883.6979266154889,881.9788527225678,,2.1217351598173515,,
206041503,Melbourne CBD - East,10119.0,10630.0,12389.0,13593.0,14266.0,10571.0,23784.0,24297.0,36654.0,43738.0,41298.0,75550.0,10119.0,10960.543931041626,11732.240127270112,12694.715617789177,0.40982310504990616,0.736377396569122,0.07040674268390523,0.2545425059580173
206041504,Melbourne CBD - North,17360.0,18774.0,21527.0,23395.0,24296.0,18946.0,18402.0,17794.0,24965.0,29779.0,28099.0,41893.0,17360.0,24536.66391398017,27292.76893066762,29833.704674878943,0.39953917050691246,0.5269535920008694,0.1123259880132732,0.7185313752810452
206041505,Melbourne CBD - West,16098.0,17226.0,19965.0,21340.0,22163.0,18471.0,22128.0,22357.0,35135.0,42308.0,37500.0,54226.0,16098.0,23543.514398390253,26262.873498835594,28418.818599715443,0.3767548763821593,0.6946854663774404,0.1155035333480745,0.7653633121950207
206041506,North Melbourne,15945.0,16510.0,17942.0,19069.0,19286.0,12690.0,43858.0,45107.0,53383.0,53274.0,54000.0,73635.0,15945.0,17213.844952292282,18683.754298815627,21547.68334947443,0.20953276889306993,0.23124629486068682,0.08539111108512709,0.3513755628394124
206041507,Royal Botanic Gardens Victoria,0.0,0.0,0.0,0.0,0.0,3.0,15601.0,18635.0,22876.0,32275.0,27568.0,37709.0,0.0,0.0,0.0,0.0,,0.7670662137042497,,
206041508,Southbank (West) - South Wharf,6607.0,6778.0,7379.0,7783.0,8122.0,6230.0,51241.0,50368.0,58030.0,61101.0,63173.0,91019.0,6607.0,9393.206258487895,11473.126308433386,13288.111389891332,0.2293022551838959,0.2328604047540055,0.2214281250415462,1.0112171015425053
206041509,Southbank - East,16506.0,17267.0,18684.0,19274.0,19552.0,16279.0,46872.0,44646.0,52503.0,58738.0,60608.0,73578.0,16506.0,21061.41559343084,23888.780132861495,26146.223089919582,0.18453895553132194,0.2930534220856802,0.13424380364596789,0.5840435653652964
206041510,West Melbourne - Residential,7614.0,7979.0,8687.0,9236.0,9699.0,7207.0,39923.0,41401.0,51191.0,53899.0,54979.0,70073.0,7614.0,10118.54129794051,11613.472960462313,13032.43752020414,0.27383766745468874,0.3771259674874132,0.1477418155941188,0.7116413869456448
206051128,Albert Park,16011.0,16126.0,16811.0,17094.0,17253.0,12984.0,64259.0,65038.0,69525.0,75006.0,74797.0,130046.0,16011.0,17038.93208565116,17962.124242628004,18638.662050381532,0.07757166947723437,0.16399259247731846,0.054181339084876434,0.16411604836559435
206051129,Elwood,15032.0,14846.0,15415.0,15880.0,16056.0,11796.0,66161.0,67868.0,72896.0,76583.0,77783.0,105503.0,15032.0,15717.466866445502,16373.803824022778,16858.87185095425,0.06812134113890367,0.17566239929868055,0.04175844384812799,0.12153218806241672
206051130,Port Melbourne,16366.0,16365.0,16752.0,16817.0,16927.0,11881.0,74787.0,74750.0,77683.0,83408.0,84478.0,118672.0,16366.0,17047.142983511294,17821.98817488552,18471.025356223654,0.03427838201148714,0.12958134435129098,0.04545308220407884,0.1286218597228188
206051134,St Kilda East,16073.0,15951.0,16707.0,17237.0,17380.0,13087.0,56625.0,58004.0,62937.0,67570.0,67706.0,84612.0,16073.0,16617.327121652223,17148.09095687961,17601.01695369461,0.08131649349841341,0.19569094922737307,0.03194038555910761,0.09506731498131082
206051511,Port Melbourne Industrial,1944.0,2195.0,2457.0,2567.0,3148.0,2296.0,38012.0,52512.0,60611.0,66595.0,64990.0,88064.0,1944.0,12185.95008359597,23388.025584817722,35881.15284692734,0.6193415637860082,0.7097232452909608,0.9192615614191089,17.457383151711596
206051512,South Melbourne,11856.0,11828.0,12455.0,12826.0,13132.0,9724.0,62432.0,64871.0,69366.0,74388.0,72878.0,108849.0,11856.0,13115.898240042063,14309.70526572676,15254.837443509152,0.10762483130904177,0.16731804202972844,0.0910198450640669,0.2866765724957112
206051513,St Kilda - Central,12086.0,12207.0,13134.0,13641.0,14012.0,10777.0,53571.0,54198.0,62360.0,66906.0,64901.0,81179.0,12086.0,13309.32786591791,14531.217825538537,15399.78714039496,0.1593579348005958,0.2114950252935357,0.09180703728470041,0.27418394343827224
206051514,St Kilda - West,14090.0,14211.0,15419.0,15944.0,16298.0,12480.0,51889.0,53047.0,61724.0,65005.0,62744.0,88284.0,14090.0,15267.335814660082,16165.195807698266,16855.38768836576,0.15670688431511715,0.20919655418296745,0.05880921229072822,0.19626598214093405
206061135,Armadale,9433.0,9343.0,9735.0,9934.0,10032.0,7423.0,67303.0,69561.0,71746.0,77770.0,81733.0,130571.0,9433.0,10096.580595847057,10633.649953337761,11274.693823046737,0.06350047704865891,0.21440351841671257,0.053193192724238836,0.19523945966784018
206061136,Prahran - Windsor,19444.0,19191.0,20171.0,20777.0,21112.0,16066.0,63655.0,66428.0,70994.0,75876.0,76813.0,104578.0,19444.0,22260.29793489433,23927.908383239166,25296.710984043464,0.08578481793869575,0.20670803550388817,0.07491411180668694,0.30100344497240616
206061138,Toorak,13096.0,13081.0,13297.0,13439.0,13610.0,10507.0,72383.0,72224.0,73632.0,81240.0,83020.0,213585.0,13096.0,13683.988677862157,14113.943415956046,14563.945220896892,0.03924862553451436,0.1469543953690784,0.031420278707879,0.11209111338552935
206061515,South Yarra - North,11449.0,11717.0,12877.0,13516.0,13779.0,10334.0,63444.0,65201.0,70348.0,73288.0,73210.0,103003.0,11449.0,14000.717385374559,15638.99267365177,17154.568616018558,0.2035112236876584,0.1539310257865203,0.11701366745596808,0.49834645960507973
206061516,South Yarra - South,10097.0,9883.0,10435.0,10452.0,10440.0,7826.0,63954.0,65247.0,70412.0,74786.0,74302.0,108407.0,10097.0,11700.86272889167,12440.755109123029,13201.656757939892,0.033970486283054324,0.16180379647871912,0.06323400225903186,0.307483089822709
206071139,Abbotsford,9258.0,9450.0,9948.0,10207.0,10316.0,7754.0,61580.0,65443.0,69684.0,73676.0,75322.0,93314.0,9258.0,10834.757236570333,11823.949882180697,12872.29895981781,0.11427954201771451,0.22315686911334853,0.09129809039666936,0.3903973817042352
206071140,Carlton North - Princes Hill,8290.0,8114.0,8486.0,8678.0,8828.0,6451.0,58027.0,58183.0,62759.0,67036.0,69589.0,106299.0,8290.0,8601.144417949658,8762.953650619658,8911.764751802044,0.06489746682750308,0.19925207231116548,0.018812523637240952,0.0750017794694866
206071141,Collingwood,9351.0,9589.0,10398.0,11034.0,11383.0,7661.0,60809.0,63537.0,69501.0,75018.0,79230.0,93709.0,9351.0,11364.343127529804,12978.54263689419,14581.255888061156,0.21730296225002665,0.30293213175681233,0.14204072256970424,0.5593258355321522
206071142,Fitzroy,10608.0,10739.0,11407.0,11884.0,12135.0,8244.0,56834.0,59490.0,67891.0,71608.0,71663.0,102375.0,10608.0,11847.42147565714,12986.543279629315,14489.710873707761,0.1439479638009049,0.260917760495478,0.09614934408408837,0.3659229707492233
206071143,Fitzroy North,12945.0,12905.0,13308.0,13618.0,13749.0,9570.0,62725.0,64950.0,68861.0,73738.0,75260.0,107541.0,12945.0,14652.647238347778,16091.68652164025,17214.660122492598,0.06210892236384713,0.19984057393383825,0.09821019095623407,0.3298308321740129
206071145,Clifton Hill - Alphington,9978.0,10233.0,10924.0,11220.0,11419.0,7516.0,69141.0,70000.0,75483.0,81391.0,81513.0,114499.0,9978.0,12787.773986856568,15386.936116236795,17301.757726407188,0.14441771898175992,0.1789386905020176,0.20325368058988835,0.7339905518547993
206071517,Richmond (South) - Cremorne,17977.0,17762.0,18591.0,19092.0,19225.0,14179.0,72815.0,75914.0,80450.0,85511.0,85726.0,114403.0,17977.0,20140.346464820057,21868.636826495756,24338.054521604172,0.06942203927240365,0.17731236695735775,0.08581234512000946,0.3538440519332575
206071518,Richmond - North,14074.0,13987.0,14798.0,15194.0,15303.0,10778.0,60952.0,63439.0,68102.0,71569.0,74850.0,95560.0,14074.0,16576.438451916136,18997.77619465238,21371.086106110954,0.08732414381128328,0.22801548759679746,0.146071048359387,0.5184798995389337
207011146,Ashburton (Vic.),8021.0,7930.0,8137.0,8365.0,8471.0,5536.0,60546.0,61339.0,66637.0,69169.0,70259.0,107489.0,8021.0,8532.206725713826,8974.19344255631,9391.683984133842,0.05610273033287627,0.16042347966835124,0.051802157525139725,0.17088691985211857
207011147,Balwyn,16323.0,16286.0,16698.0,16901.0,16868.0,11852.0,50205.0,50065.0,50232.0,52023.0,55587.0,96618.0,16323.0,16816.38974586848,17364.950934734283,17912.04983542993,0.033388470256693115,0.10720047804003596,0.032620627682619974,0.09735035443422957
207011148,Balwyn North,21406.0,21306.0,21866.0,22276.0,22454.0,15091.0,50299.0,50617.0,51833.0,54557.0,57356.0,93632.0,21406.0,21912.664015107315,22455.618991074007,22932.891371330097,0.04895823600859561,0.14030100001988122,0.024778136313885035,0.07133006499720151
207011149,Camberwell,21500.0,21249.0,21785.0,22050.0,22052.0,15862.0,59313.0,59583.0,61477.0,66294.0,68783.0,116176.0,21500.0,22285.295969159004,23217.639097515672,24143.7626365618,0.02567441860465114,0.15966145701616852,0.041836694906226546,0.12296570402613027
207011150,Glen Iris - East,17006.0,16865.0,17201.0,17491.0,17650.0,12479.0,62814.0,65343.0,67241.0,71436.0,74490.0,117539.0,17006.0,17577.649171691195,18096.862325594506,18644.108094223928,0.037868987416206146,0.18588212818798366,0.029538259003342837,0.09632530249464466
207011152,Hawthorn East,15881.0,16063.0,16838.0,17242.0,17541.0,12317.0,60771.0,59796.0,67185.0,71959.0,73739.0,115032.0,15881.0,18034.51710478139,19794.098690626557,21336.916165827908,0.1045274227063786,0.21339125569761896,0.09756743558044367,0.3435499128409991
207011154,Kew East,6555.0,6552.0,6615.0,6748.0,6759.0,4772.0,58390.0,58074.0,60625.0,62251.0,68199.0,106537.0,6555.0,6795.900769499213,7041.3183635899495,7256.446351185736,0.03112128146453097,0.16799109436547344,0.036112592342754324,0.10700935944862477
207011155,Surrey Hills (West) - Canterbury,16083.0,15887.0,16167.0,16193.0,16229.0,12032.0,62540.0,61726.0,64194.0,67302.0,68600.0,124067.0,16083.0,16458.669017869335,16684.089662541726,16899.92447851489,0.009077908350432207,0.09689798528941473,0.013696164885972806,0.05079428455604629
207011519,Hawthorn - North,10017.0,10017.0,10524.0,10759.0,10910.0,7826.0,57807.0,59194.0,69054.0,72083.0,72819.0,131351.0,10017.0,11485.004313003263,11800.220322270445,12135.936255974533,0.08914844763901364,0.2596917328351238,0.027445876438226158,0.2115340177672489
207011520,Hawthorn - South,12137.0,12227.0,12875.0,13394.0,13562.0,10103.0,57033.0,58193.0,65940.0,69540.0,70482.0,121650.0,12137.0,14774.60083822421,16252.990380015917,17706.376654005613,0.11740957402982621,0.23581084635211202,0.10006290917632654,0.4588758881111983
207011521,Kew - South,11717.0,11713.0,12085.0,12302.0,12306.0,8713.0,61968.0,63006.0,63936.0,67421.0,67971.0,131125.0,11717.0,12155.006815978324,12449.827875128914,12764.294776170307,0.050268840146795224,0.09687257939581717,0.024255112614419483,0.08938250202016795
207011522,Kew - West,13143.0,13160.0,13409.0,13624.0,13799.0,9626.0,61251.0,60799.0,63619.0,69491.0,71664.0,129556.0,13143.0,13683.325805352639,14089.190381255403,14486.61381645802,0.04991250095107658,0.17000538766714013,0.02966125207250414,0.10223037483512298
207021156,Bulleen,11370.0,11419.0,11629.0,11730.0,11810.0,7842.0,47941.0,49580.0,51665.0,53252.0,58307.0,78471.0,11370.0,11788.566346589043,12348.504176852886,12909.266319174374,0.038698328935796056,0.21622410880040044,0.04749838222913838,0.13537962349818589
207021157,Doncaster,25173.0,25632.0,26863.0,27827.0,28353.0,17768.0,40204.0,40439.0,42932.0,46196.0,50032.0,67956.0,25173.0,27965.65739199524,30473.940746570614,32926.701466512255,0.12632582528900005,0.24445328823002677,0.08969155701998033,0.30801658389990294
207021159,Templestowe,17101.0,17136.0,17429.0,17419.0,17442.0,11915.0,47670.0,48348.0,49535.0,51449.0,56785.0,92571.0,17101.0,17576.29892021193,17910.080096582427,18251.464309366966,0.019940354365241886,0.19121040486679264,0.018990413049169375,0.0672746803910278
207021160,Templestowe Lower,14280.0,14336.0,14433.0,14586.0,14695.0,9470.0,47473.0,48114.0,49440.0,52724.0,56765.0,76444.0,14280.0,14720.832849518652,15117.694480782795,15615.628749389643,0.02906162464985984,0.1957323109978304,0.026959183309870793,0.09353142502728606
207021424,Doncaster East - North,15786.0,15768.0,16155.0,16306.0,16642.0,11006.0,42856.0,43949.0,45425.0,47962.0,51365.0,70640.0,15786.0,16461.092643780154,17157.532198119374,17890.132810465384,0.05422526289116947,0.19854862796341233,0.042308221538524204,0.13329106869792118
207021425,Doncaster East - South,15593.0,15689.0,16262.0,16650.0,16983.0,9972.0,40139.0,41630.0,43134.0,46946.0,51036.0,68375.0,15593.0,16657.343748290314,17641.184444540926,18618.64389035064,0.08914256397101261,0.27148160143501343,0.05906348041545284,0.19403860003531315
207031161,Blackburn,22356.0,22299.0,22897.0,23415.0,23732.0,15942.0,50200.0,51305.0,54052.0,57587.0,60414.0,82883.0,22356.0,23438.367525361475,24433.698570394474,25450.49623666148,0.061549472177491404,0.20346613545816727,0.04246588607145951,0.13841904798092153
207031162,Blackburn South,11019.0,10940.0,11038.0,11061.0,11072.0,7203.0,47413.0,47541.0,49604.0,53256.0,56671.0,73514.0,11019.0,11310.842515855118,11663.37489647214,12015.363510168969,0.0048098738542516895,0.19526290257946144,0.03116764998918997,0.0904223169224947
207031163,Box Hill,23212.0,23773.0,25253.0,26577.0,27206.0,16781.0,35977.0,35495.0,39267.0,42539.0,45785.0,63331.0,23212.0,27206.24812152972,30698.172380969092,34237.03782318804,0.1720661726693089,0.27261861745003757,0.12835008501874356,0.47497147265156126
207031164,Box Hill North,18292.0,18385.0,19016.0,19403.0,19760.0,12533.0,46954.0,46827.0,49116.0,51918.0,54594.0,75344.0,18292.0,19002.669472500085,19898.019468502593,20970.384510428798,0.0802536628034114,0.16271244196447587,0.04711706412081851,0.14642381972604412
207031165,Burwood (Vic.),12522.0,12899.0,13981.0,14851.0,15480.0,9357.0,32203.0,33615.0,38477.0,42895.0,44144.0,63246.0,12522.0,14299.444396553094,15802.97920310702,17566.279966322785,0.2362242453282224,0.3708039623637549,0.10514637945767702,0.4028334105033369
207031166,Burwood East,10774.0,11074.0,11862.0,12323.0,12460.0,7905.0,38718.0,40259.0,42338.0,46403.0,50824.0,64545.0,10774.0,12317.24417316743,13555.27099514515,14697.92795222965,0.15648784109894187,0.3126711090448886,0.1005116732746687,0.3642034483227816
207031167,Surrey Hills (East) - Mont Albert,10251.0,10301.0,10621.0,10720.0,10776.0,7481.0,58285.0,59166.0,60945.0,64619.0,68063.0,100965.0,10251.0,10707.081529549409,11184.524020125305,11686.508502484137,0.05121451565700896,0.16776185982671366,0.04459128187809647,0.1400359479547495
208011168,Beaumaris,14123.0,13999.0,14199.0,14376.0,14486.0,10309.0,57754.0,57617.0,60205.0,64144.0,67712.0,108063.0,14123.0,14256.519898103888,14416.100035768504,14573.100329321098,0.025702754372300518,0.17242095785573297,0.011193484721740532,0.03187002261000482
208011169,Brighton (Vic.),23044.0,22904.0,23527.0,24046.0,24340.0,17584.0,67327.0,66758.0,68506.0,73258.0,75139.0,154739.0,23044.0,23629.03297950386,24237.00006013563,24833.600561186595,0.056240236070126626,0.11603071576039325,0.025729664060273993,0.07766015280275096
208011170,Brighton East,16692.0,16708.0,17026.0,17223.0,17486.0,11850.0,59857.0,60175.0,62311.0,66665.0,69612.0,113218.0,16692.0,16915.523609327414,17166.30004259216,17441.050394130674,0.047567697100407313,0.1629717493359173,0.014825224394855008,0.044874813930665836
208011171,Highett (West) - Cheltenham,12543.0,12542.0,12751.0,13073.0,13257.0,8491.0,58979.0,61952.0,64424.0,67779.0,72174.0,94133.0,12543.0,14216.719842554174,15700.800038956038,17232.950389428053,0.056924180817986114,0.22372369826548422,0.10438977575964081,0.37390978150586407
208011172,Hampton,18405.0,18477.0,18793.0,19142.0,19524.0,13119.0,59526.0,61176.0,65117.0,68108.0,70124.0,118745.0,18405.0,19440.327133245115,20402.800050622405,21464.800485058873,0.06079869600651988,0.17803984813358875,0.04950909060225395,0.16624832844655657
208011173,Sandringham - Black Rock,17521.0,17481.0,17838.0,17973.0,18071.0,12756.0,60687.0,62248.0,63950.0,68958.0,68884.0,115586.0,17521.0,18043.025183003436,18568.000046069992,19055.500430613814,0.03139090234575659,0.135070113862936,0.02909572301440244,0.08758064212167205
208021174,Bentleigh - McKinnon,25202.0,25432.0,26136.0,26752.0,26966.0,17607.0,54940.0,56232.0,59648.0,64289.0,67586.0,90229.0,25202.0,26085.733942192317,27030.50006706673,27995.500632638796,0.06999444488532647,0.23017837641062977,0.03621773215076396,0.11084440253308459
208021176,Carnegie,18791.0,18910.0,20056.0,20837.0,21266.0,14091.0,51983.0,54594.0,58229.0,62387.0,65915.0,82263.0,18791.0,20389.426530280412,21550.400053469784,22720.40051343275,0.13171198978234266,0.2680106958043975,0.056939979232138116,0.20911077182868132
208021177,Caulfield - North,22723.0,23013.0,23895.0,24395.0,24635.0,17090.0,56002.0,57325.0,60959.0,65330.0,66241.0,106225.0,22723.0,24550.031943970112,25859.700064161792,27154.700613638506,0.08414381903797907,0.18283275597300097,0.05334690085865068,0.19503149292076327
208021178,Caulfield - South,18228.0,18210.0,18624.0,18918.0,19226.0,13056.0,56348.0,56394.0,60618.0,65828.0,68409.0,100546.0,18228.0,19004.924728796646,19769.900049052085,20382.400460598914,0.054750932631116855,0.21404486405906153,0.04025142594205233,0.1181918181149284
208021179,Elsternwick,12030.0,12084.0,12416.0,12704.0,12827.0,8998.0,61383.0,62678.0,66604.0,70791.0,72582.0,108630.0,12030.0,12740.616577814486,13415.10003328488,13970.100315694566,0.0662510390689941,0.18244465079908112,0.0529396243385023,0.1612718466911527
208021180,Hughesdale,7642.0,7644.0,7913.0,8053.0,8132.0,5280.0,51907.0,55099.0,58777.0,61845.0,66431.0,82632.0,7642.0,8220.260233216228,8680.250021537,9180.250207454144,0.06411934048678347,0.2798081183655383,0.055958056712372306,0.20128895674615865
208021181,Murrumbeena,9467.0,9526.0,9760.0,10010.0,10126.0,6887.0,53943.0,56068.0,61034.0,64685.0,68518.0,87229.0,9467.0,9900.512882333038,10204.5000253189,10482.000236870921,0.06961022499207781,0.2701926107187216,0.030704181348858217,0.10721455972017768
208021182,Ormond - Glen Huntly,13280.0,13398.0,14013.0,14681.0,15157.0,9969.0,52811.0,55332.0,58546.0,62140.0,64603.0,84415.0,13280.0,13948.818149900217,14452.30003585833,14927.300337325254,0.1413403614457831,0.22328681524682348,0.036094949446431546,0.12404370009979315
208021426,Bentleigh East - North,16758.0,16865.0,17222.0,17498.0,17873.0,11164.0,53186.0,55552.0,57891.0,61347.0,65537.0,83683.0,16758.0,17831.523201991982,19459.0000482807,21509.0004860577,0.06653538608425835,0.23222276538938824,0.0912696480190156,0.2835064140146617
208021427,Bentleigh East - South,14159.0,14103.0,14443.0,14739.0,14949.0,9517.0,53572.0,56364.0,59508.0,62944.0,67294.0,84254.0,14159.0,14696.61912292265,15296.600037953156,15746.60035583969,0.055794900769828404,0.2561412678264765,0.04082441750801746,0.11212658774205031
208031183,Aspendale Gardens - Waterways,8922.0,8894.0,8985.0,9061.0,9063.0,6112.0,51616.0,53279.0,55494.0,58150.0,61639.0,78684.0,8922.0,8914.359611344475,8948.818022203352,9001.818203421964,0.015803631472763868,0.19418397396156228,0.0038654948152445634,0.008946223203537773
208031184,Braeside,28.0,28.0,28.0,28.0,28.0,169.0,61245.0,65322.0,68828.0,65004.0,61560.0,139526.0,28.0,28.0,28.0,28.0,0.0,0.005143277002204183,0.0,0.0
208031185,Carrum - Patterson Lakes,12115.0,12159.0,12330.0,12414.0,12478.0,8303.0,53690.0,55269.0,57263.0,60773.0,64854.0,80067.0,12115.0,12585.266392861606,13091.500032481967,13614.000307647477,0.029962855963681312,0.20793443844291293,0.04022430863342685,0.12373093748637864
208031186,Chelsea - Bonbeach,15317.0,15339.0,15568.0,15842.0,16058.0,9941.0,56357.0,57059.0,60559.0,64293.0,67778.0,78908.0,15317.0,16087.020954050542,16912.000041961197,17719.500400423054,0.04837761963831033,0.2026545060950724,0.05128227844465716,0.15685189008441958
208031187,Chelsea Heights,5426.0,5364.0,5359.0,5431.0,5445.0,3458.0,52771.0,53448.0,55382.0,58095.0,62441.0,70083.0,5426.0,5506.007171815894,5607.250013912423,5721.250129288092,0.0035016586804275107,0.1832445850940858,0.018387706179310737,0.054413956743105674
208031188,Highett (East) - Cheltenham,24354.0,24522.0,25243.0,25799.0,26320.0,16524.0,54129.0,55136.0,58025.0,61220.0,65857.0,79149.0,24354.0,26289.034242620422,28145.25006983257,29900.25067568212,0.08072595877473931,0.21666759038592986,0.0706079884898474,0.22773469145446823
208031189,Edithvale - Aspendale,13669.0,13644.0,13889.0,14112.0,14365.0,9445.0,57694.0,59653.0,62262.0,65419.0,68828.0,84764.0,13669.0,14412.670773135978,15110.93203749248,15731.932355508246,0.0509181359280122,0.19298367247894066,0.04844773570058947,0.1509205030000913
208031190,Mentone,13303.0,13347.0,13702.0,13945.0,14155.0,9402.0,55659.0,57607.0,58997.0,62343.0,66776.0,83524.0,13303.0,13771.01793735501,14264.500035392355,15024.500339521786,0.06404570397654674,0.19973409511489604,0.035834830822399466,0.12940692622128736
208031191,Moorabbin - Heatherton,9197.0,9209.0,9414.0,9679.0,9826.0,6392.0,52556.0,54192.0,57335.0,60348.0,64787.0,79516.0,9197.0,9748.262697539829,10502.000026057029,11377.250257101676,0.06839186691312382,0.23272319050156032,0.07732016995268509,0.23706102610652113
208031192,Moorabbin Airport,26.0,26.0,26.0,26.0,26.0,12.0,58590.0,42007.0,58647.0,72191.0,76743.0,74402.0,26.0,26.0,26.0,26.0,0.0,0.3098310291858679,0.0,0.0
208031193,Mordialloc - Parkdale,21429.0,21411.0,21875.0,22197.0,22437.0,14831.0,58792.0,59961.0,62149.0,64534.0,67803.0,86673.0,21429.0,22621.529465534553,23825.250059113998,25013.250565246304,0.04703905921881568,0.15326915226561444,0.05321128243841322,0.167261681144538
208041194,Malvern - Glen Iris,20469.0,20507.0,21299.0,21586.0,21820.0,15968.0,67392.0,67956.0,70010.0,75821.0,76555.0,132652.0,20469.0,21820.647821453924,23251.835251338664,24718.200767121696,0.0660022473007964,0.13596569325735985,0.06558867736628815,0.2075920058196148
208041195,Malvern East,22202.0,22376.0,23133.0,23656.0,23996.0,16621.0,56416.0,58063.0,61815.0,66040.0,68665.0,114012.0,22202.0,23397.058082797586,24632.915520599505,25930.226815135313,0.08080353121340411,0.21711925694838352,0.05282106123891572,0.1679230166262189
209011196,Bundoora - East,9920.0,9814.0,9993.0,10196.0,10339.0,6414.0,45346.0,46614.0,48851.0,50288.0,54558.0,66991.0,9920.0,10027.263488253386,10261.000025459078,10591.000239334091,0.04223790322580645,0.20314912009879582,0.023310102250679643,0.06764115315867847
209011197,Greensborough,20995.0,20830.0,20939.0,21287.0,21386.0,13887.0,54991.0,57286.0,59207.0,63041.0,67391.0,78974.0,20995.0,21579.529027875426,22454.50005571298,23309.500526745167,0.018623481781376627,0.22549144405448174,0.040546344950684876,0.11024055854942438
209011198,Heidelberg - Rosanna,16202.0,16279.0,16556.0,16852.0,16925.0,11023.0,58909.0,60394.0,62694.0,67437.0,71260.0,88656.0,16202.0,16984.772847202545,18633.50004623251,20321.00045921143,0.044624120478953255,0.2096623605900627,0.09707090073338942,0.25422790144497176
209011199,Heidelberg West,15039.0,15244.0,15799.0,16641.0,17224.0,10061.0,47321.0,48924.0,53779.0,57239.0,62347.0,70859.0,15039.0,17388.02338963822,19573.000048563546,21728.000491006635,0.1452889154864021,0.31753344181230325,0.1256598642619371,0.4447769460074895
209011200,Ivanhoe,12559.0,12563.0,12903.0,13116.0,13188.0,9119.0,60822.0,63093.0,66684.0,69937.0,72212.0,104487.0,12559.0,13328.5179289621,14453.5000358613,15578.500352041001,0.050083605382594154,0.18726776495347086,0.08440414102266236,0.24042522111959563
209011201,Ivanhoe East - Eaglemont,7799.0,7791.0,7955.0,8069.0,8169.0,5995.0,64759.0,65454.0,69091.0,72500.0,74378.0,129443.0,7799.0,8037.510811721718,8555.000021226237,9055.000204623759,0.0474419797409924,0.14853533871739844,0.06438426294243049,0.16104631422281823
209011202,Montmorency - Briar Hill,16660.0,16627.0,16824.0,16916.0,17042.0,11156.0,57167.0,59195.0,61265.0,63702.0,67667.0,84960.0,16660.0,16924.022765484082,17384.00004313231,17884.000404140395,0.02292917166866748,0.18367239841167105,0.02717895644682855,0.0734694120132291
209011203,Viewbank - Yallambie,18891.0,18773.0,18965.0,18897.0,18993.0,12273.0,54852.0,56995.0,58925.0,61832.0,65313.0,77989.0,18891.0,19213.525845227396,19731.000048955564,20231.0004571776,0.005399396538033896,0.19071319186173707,0.026932808059105362,0.07093327283773232
209011204,Watsonia,9305.0,9238.0,9338.0,9486.0,9504.0,5957.0,54170.0,56862.0,58811.0,62325.0,68568.0,76810.0,9305.0,9535.012826098484,9822.500024371097,10160.000229594409,0.02138635142396561,0.26579287428465936,0.0301506881548943,0.09188610742551417
209021205,Kingsbury,10549.0,10747.0,11680.0,12454.0,12932.0,7415.0,38599.0,40177.0,45004.0,49697.0,52379.0,67365.0,10549.0,12319.38556895249,13381.830033202334,14304.245323245543,0.22589818940183903,0.3570040674628876,0.0862416764458962,0.355981166294961
209021428,Preston - East,20997.0,21053.0,21926.0,22473.0,23403.0,14603.0,50249.0,52505.0,55349.0,59543.0,63456.0,73808.0,20997.0,24338.280758152247,27544.500068342015,30563.085690660777,0.11458779825689391,0.26283110111644015,0.13173565306644863,0.455592974742143
209021429,Preston - West,12824.0,12733.0,13113.0,13414.0,13610.0,8756.0,52589.0,54608.0,58394.0,61102.0,64785.0,79383.0,12824.0,13717.767336194795,14899.000036966643,16179.50036562232,0.06129132875857768,0.2319116164977466,0.08610969058026852,0.2616578575812789
209021523,Reservoir - North East,14987.0,14926.0,15424.0,15915.0,16329.0,9692.0,46873.0,48820.0,51415.0,56274.0,60550.0,66277.0,14987.0,16335.520644450446,17648.00004378732,18928.500427743875,0.08954427170214196,0.2917884496405181,0.08034512201377275,0.2629946238569343
209021524,Reservoir - North West,9881.0,9698.0,9792.0,9806.0,9751.0,5807.0,42498.0,45326.0,47878.0,50632.0,56090.0,66998.0,9881.0,10156.012834932426,10656.000026439124,11090.00025061044,-0.013156563100900742,0.3198268153795474,0.049230657703282166,0.12235606220123874
209021525,Reservoir - South East,12939.0,12995.0,13394.0,13823.0,14143.0,8122.0,44034.0,46419.0,49406.0,54045.0,58575.0,66745.0,12939.0,14270.118034242743,15704.390038964935,16984.89038382243,0.09305201329314472,0.33022210110369254,0.10050876953368548,0.31268957290535804
209021526,Reservoir - South West,14244.0,14233.0,14692.0,15104.0,15350.0,9502.0,49217.0,50893.0,55920.0,60079.0,64438.0,72092.0,14244.0,15368.769422692769,16550.000041063016,17743.500400965404,0.07764672844706544,0.3092630595119572,0.07685915416403488,0.24568242073612767
209031209,Eltham,23707.0,23513.0,23486.0,23515.0,23669.0,16424.0,56626.0,58035.0,60079.0,62388.0,66125.0,86917.0,23707.0,23843.22628901055,24356.225995356363,24873.745221394933,-0.0016029020964272167,0.16774979691307879,0.02151553234145398,0.04921522003606249
209031210,Hurstbridge,3576.0,3527.0,3512.0,3518.0,3521.0,2387.0,54090.0,53533.0,55590.0,57774.0,61914.0,73634.0,3576.0,3582.9889232415308,3602.989052576498,3652.9919551397747,-0.015380313199105156,0.14464780920687748,0.005581967950063715,0.021530188797476146
209031211,Kinglake,4237.0,4291.0,4329.0,4369.0,4419.0,2782.0,46906.0,49183.0,51411.0,52584.0,57753.0,68116.0,4237.0,4473.6561550484685,4785.145961740203,5125.003299446849,0.04295492093462361,0.23124973350957223,0.06962756991062502,0.20958303031551795
209031212,Panton Hill - St Andrews,5121.0,5146.0,5105.0,5123.0,5130.0,3627.0,49373.0,49133.0,53094.0,53456.0,56688.0,78921.0,5121.0,5248.483774388272,5375.9836654596875,5495.987896372351,0.0017574692442883233,0.14815790006683804,0.02429270939039463,0.07322552165052754
209031213,Plenty - Yarrambat,9521.0,9424.0,9554.0,9584.0,9579.0,6796.0,55928.0,57290.0,59610.0,62031.0,66510.0,92497.0,9521.0,9566.47042539495,9791.47024932079,10043.92788059845,0.006091797080138628,0.18920755256758692,0.02351962781681327,0.05492362993366773
209031214,Research - North Warrandyte,6987.0,6964.0,6972.0,7017.0,7039.0,4884.0,56441.0,56996.0,59962.0,59672.0,66291.0,96024.0,6987.0,7071.978137081804,7161.978238843431,7251.984029201658,0.007442393015600457,0.17451852376818278,0.012726298076306763,0.03792529400338607
209031215,Wattle Glen - Diamond Creek,14538.0,14424.0,14529.0,14771.0,14859.0,10270.0,56562.0,57745.0,59694.0,62648.0,67494.0,81696.0,14538.0,14846.95410085598,15481.352961020757,16101.364540511244,0.02208006603384227,0.19327463668187117,0.04272922620055786,0.10753642457774415
209041216,Bundoora - North,7424.0,7467.0,7749.0,7966.0,8014.0,5114.0,46298.0,46392.0,49973.0,52275.0,56080.0,68132.0,7424.0,7831.473276689084,8581.641829484523,9489.31637446574,0.07947198275862077,0.21128342476996842,0.09578894370084456,0.27819455475023425
209041217,Bundoora - West,6237.0,6298.0,6532.0,6721.0,6806.0,3997.0,42728.0,43444.0,45372.0,51022.0,56017.0,62323.0,6237.0,6644.048456349891,7044.087830722799,7494.108719009973,0.09122975789642451,0.3110138550833177,0.0602101831437698,0.2015566328378986
209041220,Mill Park - North,17640.0,17302.0,17421.0,17665.0,17610.0,11502.0,49157.0,50233.0,51560.0,54050.0,58629.0,66196.0,17640.0,17890.608660718462,18010.294952961813,18400.032733082237,-0.00170068027210879,0.19268873202188908,0.006689894933878948,0.04308575584366414
209041221,Mill Park - South,11339.0,11146.0,11265.0,11288.0,11494.0,7198.0,47316.0,48507.0,50241.0,51690.0,56134.0,63642.0,11339.0,11445.25136886655,11505.043325282239,11664.83882841494,0.013669635770350075,0.18636402062727186,0.0052241715353089635,0.02873611680174104
209041223,Thomastown,20201.0,19959.0,20162.0,20484.0,20595.0,11393.0,41396.0,42523.0,44087.0,46263.0,50696.0,56972.0,20201.0,20574.03988638051,21041.32362797117,21728.613500655312,0.01950398495123995,0.22465938738042324,0.02271229880816894,0.07562068712713788
209041224,Wallan,22953.0,24646.0,26251.0,28343.0,30342.0,16014.0,52789.0,54304.0,55000.0,57372.0,60634.0,68279.0,22953.0,37126.0,58876.000000000015,87875.99999999997,0.3219187034374591,0.14861050597662384,0.5858428055809948,2.8285191478238128
209041225,Whittlesea,10763.0,12299.0,13975.0,15759.0,18174.0,8508.0,49494.0,51283.0,52510.0,55775.0,59143.0,69777.0,10763.0,22798.760412665608,34116.945679459524,45662.04824042955,0.6885626684010033,0.19495292358669736,0.4964386248169097,3.2425019270119435
209041431,Epping - East,13269.0,13156.0,13333.0,13453.0,13555.0,7899.0,47762.0,48674.0,49601.0,50488.0,55649.0,61196.0,13269.0,13902.38960435818,15405.41310462857,16885.220218316255,0.021553998040545697,0.165131275909719,0.10811260100200437,0.2725314807684267
209041432,Epping - South,8279.0,8068.0,8280.0,8380.0,8322.0,4902.0,43591.0,44277.0,46443.0,49331.0,53060.0,58028.0,8279.0,9581.1106379602,11282.23355506505,13175.747917202509,0.005193863993235848,0.21722373884517454,0.17754965800781264,0.5914661090956044
209041433,Epping (Vic.) - West,12279.0,12370.0,12663.0,12852.0,12895.0,7480.0,49207.0,49792.0,52279.0,54033.0,57429.0,63569.0,12279.0,13151.2827470841,14497.902477920952,15819.7490001358,0.05016695170616492,0.16709004816387907,0.10239455395599517,0.2883580910608192
209041435,South Morang - North,12714.0,12681.0,12848.0,13029.0,13259.0,8612.0,53653.0,54914.0,55891.0,58390.0,61950.0,70863.0,12714.0,13491.154759815481,15671.156970922146,17862.16230583533,0.042866131823187104,0.1546418653197399,0.16158751788986825,0.40492074137449485
209041436,South Morang - South,12513.0,12389.0,12565.0,12855.0,13054.0,8272.0,51041.0,52408.0,53687.0,56295.0,60976.0,67490.0,12513.0,13409.970744427892,13491.534109673672,13450.049612894443,0.043235035563014446,0.19464744029309777,0.006082292556802926,0.07488608750055481
209041437,Wollert,24807.0,28188.0,30686.0,33491.0,36658.0,16918.0,50673.0,50412.0,52806.0,54899.0,57789.0,64572.0,24807.0,37376.61110825785,49700.7192907711,62511.50391843811,0.4777280606280485,0.14042981469421578,0.3297278115133988,1.519913891983638
209041527,Doreen - North,16484.0,16685.0,17072.0,17176.0,17283.0,10465.0,54348.0,56053.0,57197.0,60016.0,64193.0,73643.0,16484.0,17155.013165665318,17213.347804383287,17125.261234573667,0.04847124484348453,0.18114742032825504,0.0034004426667957333,0.03890204043761636
209041528,Doreen - South,10595.0,11089.0,11470.0,11781.0,11947.0,6945.0,56881.0,57687.0,58914.0,61732.0,65651.0,72615.0,10595.0,11419.269363375624,11678.81143549451,11807.16288017961,0.1276073619631901,0.15418153689281122,0.022728430677999345,0.11440895518448424
209041529,Lalor - East,10025.0,9827.0,9943.0,10162.0,10253.0,5521.0,40046.0,41431.0,43074.0,45385.0,50197.0,54516.0,10025.0,10287.458757927658,10499.722460225985,10837.206379036103,0.022743142144638462,0.2534834939819208,0.020633249405228815,0.08101809267193039
209041530,Lalor - West,13623.0,13621.0,13793.0,13889.0,13925.0,7528.0,43497.0,45002.0,46684.0,48876.0,53608.0,60024.0,13623.0,14310.85885428114,15018.316002810552,15794.723735121055,0.022168391690523315,0.23245281283766706,0.049434988894309084,0.15941596822440407
209041531,Mernda - North,11553.0,11643.0,11755.0,12004.0,12061.0,7178.0,54066.0,54146.0,56082.0,58587.0,60889.0,68834.0,11553.0,11804.05817054706,11984.00208421919,12114.147328432202,0.04397126287544362,0.1261976103281175,0.015244241520354196,0.04857156828808118
209041532,Mernda - South,12086.0,12538.0,12994.0,13483.0,13854.0,7790.0,52951.0,53333.0,55241.0,57312.0,62428.0,68624.0,12086.0,12901.010295847713,13501.503920616558,13552.114392955138,0.14628495780241613,0.17897678986232557,0.04654624800680285,0.12130683377090334
210011226,Airport West,8240.0,8273.0,8437.0,8612.0,8783.0,5430.0,56472.0,57877.0,60259.0,64600.0,68085.0,77910.0,8240.0,8845.17485203468,9525.077604828013,10142.484290307639,0.06589805825242712,0.20564173395665097,0.07686707884999411,0.23088401581403373
210011227,Essendon Airport,14.0,14.0,14.0,14.0,14.0,13.0,17295.0,9431.0,57787.0,42184.0,32255.0,74525.0,14.0,14.0,14.0,14.0,0.0,0.8649898814686325,0.0,0.0
210011228,Keilor,8596.0,8531.0,8548.0,8675.0,8732.0,5832.0,52818.0,53377.0,55460.0,57434.0,63972.0,79930.0,8596.0,8708.797579652994,8908.442265886157,9108.887111438442,0.01582131223825045,0.2111780074974441,0.02292448347859266,0.05966578774295517
210011230,Niddrie - Essendon West,7520.0,7560.0,7777.0,7898.0,8048.0,5279.0,56762.0,59329.0,63598.0,66354.0,70600.0,85896.0,7520.0,7899.173797614082,8449.093097993598,8924.018325939081,0.07021276595744674,0.24378985941298748,0.06961731878156896,0.18670456461955864
210011231,Strathmore,10107.0,10167.0,10301.0,10427.0,10536.0,7312.0,57798.0,59738.0,62845.0,65523.0,69853.0,95864.0,10107.0,10482.103639892144,10882.03195314602,11356.950694642155,0.04244582962303345,0.20857123083843732,0.03815344009115251,0.12367178140320134
210011533,Avondale Heights,12473.0,12377.0,12556.0,12792.0,12861.0,7440.0,50710.0,52295.0,54698.0,57325.0,62028.0,75528.0,12473.0,13153.724205695322,13783.62050475165,14353.52106114152,0.031107191533712886,0.2231906921711695,0.047887297103553106,0.15076734235079936
210011534,Keilor East,15174.0,15173.0,15289.0,15463.0,15645.0,9592.0,52642.0,54722.0,56699.0,58923.0,63599.0,78037.0,15174.0,15799.347490645581,16399.239751502115,17064.122885207435,0.03103993673388694,0.20814178792599058,0.037969432675097226,0.12456325854800543
210021232,Gisborne,14340.0,14446.0,14885.0,15405.0,15959.0,9697.0,56012.0,57032.0,60296.0,62064.0,65391.0,83492.0,14340.0,15432.462056923097,16851.84859693225,18402.12219790849,0.11290097629009765,0.16744626151538955,0.09197408260416928,0.28327211979836053
210021233,Macedon,3540.0,3571.0,3570.0,3623.0,3615.0,2393.0,58975.0,59557.0,65637.0,68365.0,69178.0,102915.0,3540.0,3583.2497716366142,3693.4326214879106,3873.594341667865,0.021186440677966045,0.1730055108096651,0.030749419346497664,0.09423568973668517
210021234,Riddells Creek,4498.0,4521.0,4537.0,4520.0,4589.0,3067.0,52977.0,53939.0,56876.0,59637.0,61290.0,75783.0,4498.0,4865.623399812281,5381.716166195105,5981.829300784648,0.020231213872832443,0.15691715272665507,0.10606919688908434,0.32988646082362116
210021235,Romsey,10835.0,11079.0,11247.0,11463.0,11567.0,7113.0,51035.0,52219.0,54806.0,56901.0,60381.0,74453.0,10835.0,11967.954286087157,13322.646281184656,14711.761364067133,0.0675588371019844,0.1831292250416381,0.11319327954589031,0.3577998490140408
210031236,Coburg North,8513.0,8581.0,8788.0,8882.0,8932.0,5662.0,51571.0,54122.0,56529.0,61458.0,65684.0,75553.0,8513.0,8873.776101538444,9666.969045716549,10621.529799136586,0.04921884177140834,0.2736615539741327,0.0893861795814963,0.24768351922196485
210031237,Fawkner,14184.0,14160.0,14667.0,14900.0,15096.0,8114.0,40002.0,41462.0,44952.0,47564.0,51430.0,60793.0,14184.0,14727.487662448533,15687.605430559986,16653.604536361745,0.06429780033840937,0.2856857157142143,0.06519223034621957,0.1741119949493617
210031439,Gowanbrae,3141.0,3123.0,3174.0,3173.0,3215.0,2068.0,59735.0,58415.0,58730.0,63844.0,65661.0,77639.0,3141.0,3160.1714209679617,3237.795148514814,3338.642617818631,0.023559375994905984,0.09920482129404862,0.024563138262631456,0.06292346953792771
210031440,Hadfield,6298.0,6364.0,6502.0,6625.0,6650.0,3729.0,48614.0,50521.0,52375.0,54781.0,58944.0,67525.0,6298.0,6728.80735455352,7359.08198988628,8122.693095201515,0.05589075897110196,0.21249022915209603,0.09366810522614233,0.2897258010799484
210031535,Glenroy - East,14980.0,14830.0,15381.0,15671.0,15762.0,9449.0,43774.0,44417.0,48234.0,51872.0,56060.0,63145.0,14980.0,15880.765521598954,16936.629338167266,18085.933952132134,0.05220293724966618,0.2806688902087997,0.06648695965772311,0.2073387150956032
210031536,Glenroy - West,8976.0,8985.0,9311.0,9518.0,9563.0,6119.0,45305.0,45918.0,49958.0,56014.0,61467.0,67491.0,8976.0,9610.326665647714,10481.779193258515,11459.399583736727,0.06539661319073087,0.35673766692418063,0.0906787623282177,0.2766710766195106
210031537,Oak Park,7978.0,8081.0,8257.0,8450.0,8559.0,5876.0,54497.0,56567.0,60027.0,65318.0,68940.0,78937.0,7978.0,8595.099359294178,9399.641173045342,10389.200074359003,0.07282526949110046,0.26502376277593265,0.09360471358381517,0.30223114494347003
210031538,Pascoe Vale,17402.0,17425.0,17876.0,18356.0,18674.0,11588.0,57601.0,59659.0,62171.0,66383.0,70407.0,80556.0,17402.0,18178.97996710202,19230.890894295357,20550.278933034882,0.073095046546374,0.22232252912275818,0.05786413369160148,0.1809147760622274
210041240,Sunbury,13788.0,13820.0,14197.0,14758.0,15364.0,9253.0,54502.0,54928.0,55672.0,58576.0,62611.0,74275.0,13788.0,16633.613688003305,20273.465609565308,25259.188707940724,0.11430229184798368,0.14878353087960083,0.21882508454474814,0.8319690098593504
210041539,Diggers Rest,5302.0,5829.0,6425.0,6946.0,7434.0,3973.0,56973.0,57632.0,59285.0,63140.0,68471.0,72026.0,5302.0,9277.700299016436,13106.893228053343,15356.90509544107,0.4021124104111655,0.2018148947747178,0.4127308282897275,1.8964362684724767
210041540,Sunbury - South,15103.0,15464.0,16011.0,16773.0,17683.0,9874.0,52305.0,54687.0,55414.0,58936.0,62822.0,73240.0,15103.0,18147.305526894754,21387.271433358565,26193.047800416527,0.17082698801562612,0.2010706433419367,0.17853702312236397,0.734294365385455
210041541,Sunbury - West,11271.0,11131.0,11355.0,11368.0,11497.0,7463.0,54000.0,54610.0,56056.0,59094.0,63302.0,70391.0,11271.0,11829.841651732711,12330.100422328833,14066.127599275107,0.020051459497826274,0.17225925925925933,0.04228786701661802,0.24799286658460717
210051242,Broadmeadows,14063.0,13921.0,14313.0,14734.0,14972.0,7501.0,33253.0,34219.0,37867.0,38828.0,44217.0,49877.0,14063.0,15372.377550288667,18013.108711040953,21233.91599317305,0.06463770177060368,0.3297146122154393,0.17178417275489677,0.5099136736950189
210051243,Campbellfield - Coolaroo,16245.0,15858.0,16188.0,16389.0,16386.0,7768.0,34223.0,35058.0,36176.0,37448.0,40538.0,49076.0,16245.0,16526.517631110135,16863.795574328204,17208.53689791281,0.008679593721145018,0.18452502702860651,0.020408288711904143,0.05931282843415264
210051245,Gladstone Park - Westmeadows,18176.0,17969.0,18144.0,18208.0,18285.0,11242.0,50033.0,50204.0,51460.0,53692.0,58454.0,66248.0,18176.0,18732.954547204045,19441.5843413775,20165.91029661382,0.005996919014084501,0.16830891611536392,0.03782797809004568,0.10948009994574281
210051246,Greenvale - Bulla,22406.0,23492.0,24570.0,25668.0,26757.0,15120.0,52183.0,53523.0,55138.0,56461.0,60277.0,72276.0,22406.0,27780.34440913986,33299.69467176492,36755.953991488044,0.19418905650272245,0.15510798535921655,0.19867825183654553,0.64045139656735
210051247,Meadow Heights,15070.0,14627.0,14853.0,14915.0,14841.0,6912.0,36611.0,37780.0,38531.0,40112.0,43967.0,49499.0,15070.0,15351.018480618026,15767.103642290636,16226.914015045882,-0.015195753151957536,0.20092321979732874,0.0271047267774418,0.07676934406409308
210051248,Melbourne Airport,130.0,130.0,130.0,130.0,130.0,104.0,45297.0,40365.0,44204.0,55038.0,49808.0,67022.0,130.0,130.0,130.0,130.0,0.0,0.09958716912819843,0.0,0.0
210051250,Tullamarine,6628.0,6486.0,6551.0,6667.0,6727.0,4083.0,51009.0,51431.0,53528.0,55013.0,60003.0,65467.0,6628.0,6900.930331995382,7238.416852230628,7813.468052618767,0.014936632468316224,0.17632182556019527,0.04890449606055691,0.17885758186764744
210051441,Craigieburn - Central,8190.0,7965.0,8107.0,8170.0,8172.0,4813.0,45049.0,46010.0,47254.0,48094.0,52479.0,57223.0,8190.0,8283.51741793589,8508.428626663184,8789.588845441605,-0.00219780219780219,0.1649315190126306,0.02715165519424234,0.07320987123829115
210051442,Craigieburn - North,12446.0,12399.0,12649.0,12833.0,12846.0,7436.0,49739.0,49800.0,51696.0,51558.0,55787.0,63257.0,12446.0,12873.379205790145,13153.70683826214,13373.982035285395,0.03213883978788368,0.12159472446168995,0.021775761281537465,0.07456066489517865
210051443,Craigieburn - South,22007.0,22533.0,23418.0,23994.0,24431.0,12728.0,46796.0,47226.0,48227.0,50443.0,53569.0,60259.0,22007.0,24861.93854538549,28781.982270678913,32383.113797758924,0.11014677148180119,0.1447345927002308,0.15767248873764927,0.47149151623387664
210051445,Mickleham - Yuroke,23795.0,28481.0,31864.0,35244.0,39389.0,17557.0,52203.0,51967.0,53133.0,54757.0,57182.0,63347.0,23795.0,37788.706882085,50387.61563573987,63571.80781835339,0.6553477621349022,0.09537766028772299,0.3334040720940308,1.6716456322064883
210051542,Craigieburn - North West,9975.0,10339.0,10721.0,11144.0,11293.0,5677.0,48597.0,48371.0,49567.0,51309.0,54132.0,60846.0,9975.0,10402.882155657539,10673.139289939823,10892.356481190116,0.13213032581453632,0.1138959195012037,0.025979063324802487,0.0919655620240718
210051543,Craigieburn - West,13194.0,13602.0,14203.0,14699.0,14970.0,7557.0,46642.0,46661.0,47602.0,50026.0,53000.0,60942.0,13194.0,14906.965203349717,15747.254690075142,16047.578623379983,0.13460663938153705,0.1363149093092062,0.05636891716474968,0.21627850715325025
210051544,Roxburgh Park (South) - Somerton,9582.0,9484.0,9656.0,9691.0,9699.0,5362.0,42768.0,41681.0,43914.0,45697.0,50155.0,57066.0,9582.0,9676.10875196569,9900.989784607358,10125.846441150656,0.012210394489668097,0.17272259633370735,0.02324085419110067,0.056757090497876916
210051545,Roxburgh Park - North,14848.0,14936.0,15149.0,15375.0,15440.0,7278.0,38902.0,38681.0,39684.0,39467.0,42721.0,51385.0,14848.0,15274.890300253322,15545.289899764331,15765.62116719349,0.039870689655172376,0.09816975990951615,0.01770222857224213,0.06180099455775134
211011251,Bayswater,12708.0,12692.0,13011.0,13270.0,13388.0,8560.0,48593.0,49584.0,51310.0,54065.0,59113.0,65176.0,12708.0,13544.71873852952,14544.746359555294,15504.805079599177,0.05350960025180984,0.21649208733768233,0.07383155311900857,0.220082237928799
211011254,Knoxfield - Scoresby,16734.0,16690.0,16999.0,17094.0,17232.0,11249.0,49080.0,50053.0,51248.0,54139.0,58231.0,68376.0,16734.0,17625.41476673628,18625.4435347431,19625.5127374896,0.029759770527070684,0.18645069274653636,0.0567378856748455,0.17279268181484397
211011255,Lysterfield,6654.0,6552.0,6552.0,6583.0,6622.0,4806.0,54917.0,56217.0,59550.0,60245.0,66223.0,90031.0,6654.0,6636.007518748288,6723.508135163187,6811.021611733148,-0.004809137360985871,0.20587431942749967,0.01318573195821271,0.023598078108378218
211011256,Rowville - Central,15540.0,15442.0,15677.0,15692.0,15771.0,10719.0,50530.0,52283.0,54573.0,57644.0,61357.0,70950.0,15540.0,15975.3759375099,16485.39257289878,17010.44441603557,0.014864864864864824,0.21426875123688904,0.031925172677243374,0.0946231927950818
211011257,Rowville - North,7962.0,7794.0,7829.0,7867.0,7827.0,5437.0,51603.0,53258.0,55996.0,58785.0,62926.0,74668.0,7962.0,7949.687074506101,7989.6902615210665,8061.710620803687,-0.016955538809344417,0.21942522721547197,0.005032045493117865,0.012523313338820286
211011258,Rowville - South,10462.0,10378.0,10460.0,10566.0,10578.0,7509.0,51981.0,52644.0,54472.0,56939.0,61029.0,74070.0,10462.0,10407.244906520535,10482.24961778132,10566.276055251727,0.01108774612884722,0.1740636001615976,0.0072069709067565935,0.009967124378868819
211011259,Wantirna,14446.0,14220.0,14516.0,14607.0,14634.0,9618.0,47105.0,48163.0,48716.0,51266.0,55188.0,67069.0,14446.0,14903.850722045627,15402.266780013937,15962.317032587784,0.013013983109511296,0.1715953720411847,0.03344209944555199,0.10496449069554092
211011260,Wantirna South,18099.0,17967.0,18156.0,18360.0,18475.0,12246.0,46630.0,46995.0,48884.0,51489.0,54589.0,67402.0,18099.0,18436.933863655788,18906.950238368878,19457.00833513205,0.0207746284325101,0.17068410894274066,0.025493196330200085,0.07503223024101047
211011446,Boronia,23837.0,23829.0,24161.0,24512.0,24763.0,15368.0,49890.0,51305.0,52710.0,55264.0,59350.0,65334.0,23837.0,24938.436859044214,26438.479589530598,27998.581492857236,0.03884717036539831,0.18961715774704357,0.06014982971726934,0.17458495166578158
211011447,Ferntree Gully - North,14247.0,14228.0,14373.0,14500.0,14538.0,9077.0,50068.0,51795.0,53421.0,54507.0,59272.0,66427.0,14247.0,14542.842226681552,14992.857030584468,15487.904638057078,0.0204253527058329,0.18382999121195165,0.030944075228793944,0.08709936394027351
211011448,Ferntree Gully (South) - Upper Ferntree Gully,15451.0,15331.0,15547.0,15562.0,15630.0,10294.0,50827.0,51912.0,53325.0,55338.0,59401.0,67836.0,15451.0,15736.370313155292,16021.38152322786,16358.927394457252,0.011585010678920371,0.16868986955751875,0.018111623227009543,0.058761723801517896
211011449,The Basin,4380.0,4299.0,4297.0,4318.0,4336.0,2900.0,51640.0,52769.0,56137.0,58019.0,62071.0,71566.0,4380.0,4392.60336810718,4423.855346943342,4498.867537721343,-0.010045662100456654,0.20199457784663055,0.007114682619211443,0.027138707242315707
211021261,Donvale - Park Orchards,16410.0,16390.0,16494.0,16748.0,16894.0,11662.0,50327.0,50324.0,52273.0,55035.0,59576.0,89917.0,16410.0,16758.344316726118,17104.792857553504,17452.52632645882,0.0294942108470444,0.18377809128300915,0.02067319624657693,0.06352994067390738
211021262,Warrandyte - Wonga Park,10181.0,10076.0,10124.0,10212.0,10229.0,7404.0,55015.0,56056.0,58294.0,59515.0,63876.0,101437.0,10181.0,10269.05607872799,10354.456350307684,10484.3731371183,0.00471466457126013,0.16106516404616933,0.008316272783493561,0.029797970446743927
211031263,Bayswater North,11967.0,11829.0,11901.0,12007.0,12097.0,7863.0,51328.0,53253.0,55327.0,57660.0,61960.0,69658.0,11967.0,12134.253538373621,12439.430748335033,12834.306273107484,0.01086320715300415,0.20713840399002503,0.025150060446348155,0.07247482853743503
211031265,Croydon Hills - Warranwood,18232.0,18141.0,18303.0,18352.0,18457.0,12805.0,53599.0,55272.0,57166.0,60302.0,63786.0,78076.0,18232.0,18364.87025016646,18588.28148636965,18808.685965917248,0.012340939008336882,0.190059516035747,0.012165141008887215,0.031630428143771816
211031266,Ringwood,18919.0,18962.0,19297.0,19593.0,19779.0,12654.0,48995.0,50325.0,52261.0,54656.0,59560.0,70586.0,18919.0,21165.697951936916,23494.958890748283,26034.153704259337,0.045456948041651346,0.21563424839269318,0.11004886038252337,0.37608508400334784
211031267,Ringwood East,21351.0,21244.0,21435.0,21824.0,22164.0,14019.0,51805.0,53147.0,55206.0,58596.0,63643.0,75633.0,21351.0,22068.36042294256,22853.87564839522,23594.306317238323,0.03807784178727003,0.22851076150950678,0.03559463459895418,0.10506797420440828
211031268,Ringwood North,9723.0,9651.0,9683.0,9777.0,9839.0,6630.0,53220.0,54283.0,55202.0,58708.0,62606.0,81253.0,9723.0,9873.89258876558,10023.034143408782,10170.16733047856,0.011930474133497793,0.17636226982337466,0.015104636120195858,0.04599067473810137
211031450,Croydon - East,16236.0,16196.0,16570.0,17141.0,17345.0,10338.0,50960.0,51630.0,53360.0,55932.0,60717.0,67946.0,16236.0,17214.940990246425,18450.801592637432,19675.487152992686,0.06830500123183048,0.19146389324960755,0.07178999934366415,0.21184325899191214
211031451,Croydon - West,14246.0,14192.0,14584.0,14793.0,14940.0,9074.0,49814.0,50293.0,51956.0,54990.0,59221.0,71369.0,14246.0,14805.089236848777,15591.219803007114,16370.245256255195,0.04871542889232061,0.18884249407797005,0.05309867124621692,0.14911169845958128
211031452,Croydon South,4936.0,4960.0,5026.0,5118.0,5147.0,3226.0,50907.0,52962.0,55652.0,58836.0,63433.0,72515.0,4936.0,5135.6840686515825,5360.216074897947,5582.71952552394,0.04274716369529985,0.24605653446480846,0.04371998028790691,0.1310209735664385
211041269,Forest Hill,10866.0,10853.0,11008.0,11179.0,11256.0,7146.0,44977.0,45861.0,47555.0,50781.0,54052.0,68127.0,10866.0,11547.166387089244,12112.316348956909,12676.97536469279,0.03589177250138054,0.20176979344998558,0.04894273996948306,0.1666643994747643
211041270,Mitcham (Vic.),16930.0,16990.0,17288.0,17425.0,17496.0,11918.0,51531.0,53469.0,55062.0,59200.0,63753.0,77524.0,16930.0,17531.270845529267,18235.245561655862,19050.979788057783,0.033431777909037175,0.23717762123770147,0.040155372780982246,0.1252793731871107
211041271,Nunawading,12518.0,12576.0,12903.0,13192.0,13247.0,8285.0,48802.0,51301.0,54130.0,58067.0,61426.0,74561.0,12518.0,13413.07337654086,14728.703317789701,15731.35580755648,0.05823613995845989,0.25867792303594106,0.09808564408138154,0.2566988183061576
211041272,Vermont,11079.0,10983.0,11141.0,11333.0,11435.0,7323.0,48371.0,50542.0,52663.0,55449.0,59004.0,74699.0,11079.0,11272.061824507517,11533.160964172643,11816.222840784954,0.03213286397689319,0.21982179405015412,0.023163387828254223,0.06654236310000483
211041273,Vermont South,12042.0,12027.0,12161.0,12237.0,12250.0,8273.0,41751.0,42130.0,44748.0,47846.0,52033.0,70274.0,12042.0,12363.248820127941,12816.038077617864,13268.254067284022,0.01727287825942536,0.24626955042992993,0.03662380852132996,0.10183142893904851
211051274,Belgrave - Selby,10091.0,9977.0,9942.0,9958.0,9964.0,6911.0,51438.0,53499.0,56052.0,57714.0,61488.0,76701.0,10091.0,10053.28268407054,10102.4190263429,10156.359838895292,-0.01258547220295314,0.1953808468447451,0.004887591826122417,0.006477042800048682
211051275,Chirnside Park,11876.0,12079.0,12373.0,12483.0,12603.0,7983.0,52117.0,52197.0,54116.0,56130.0,60600.0,72969.0,11876.0,12801.85653117154,13345.034977355577,13816.520971082766,0.06121589760862234,0.16276838651495673,0.042429662046394645,0.1633985324252918
211051276,Healesville - Yarra Glen,14181.0,14091.0,14104.0,14000.0,14116.0,9165.0,44811.0,45433.0,48045.0,49426.0,53838.0,66405.0,14181.0,14766.59007341445,15255.147759603638,15773.71754335445,-0.004583597771666281,0.20144607350873667,0.03308534223271886,0.11231348588635859
211051277,Kilsyth,9980.0,10087.0,10326.0,10647.0,10692.0,6498.0,50183.0,52487.0,54067.0,56765.0,61294.0,68344.0,9980.0,10875.67073462314,11527.903693149252,12094.191991619538,0.07134268537074151,0.22140964071498326,0.0599717455999933,0.21184288493181747
211051278,Lilydale - Coldstream,19786.0,19895.0,20012.0,20492.0,20905.0,13412.0,49784.0,51302.0,53162.0,55617.0,60020.0,71122.0,19786.0,21615.272933145377,24008.498568387553,26418.03697350814,0.056555139997978454,0.2056082275429858,0.11071919575775269,0.3351883641720479
211051279,Monbulk - Silvan,5859.0,5778.0,5782.0,5808.0,5840.0,3950.0,45585.0,46990.0,49588.0,52564.0,54870.0,70321.0,5859.0,5934.350356659919,6013.88811560419,6113.314392247824,-0.003242874210616198,0.2036854228364593,0.013402942894163328,0.043405767579420385
211051280,Montrose,6993.0,6949.0,6909.0,6893.0,6904.0,4477.0,51344.0,53507.0,55218.0,57576.0,60646.0,72656.0,6993.0,7051.734361726978,7101.13341168312,7200.437272546025,-0.01272701272701271,0.1811701464630726,0.0070052340916659794,0.029663559637641335
211051281,Mooroolbark,23442.0,23579.0,23948.0,24206.0,24395.0,15301.0,51362.0,52099.0,54090.0,56457.0,60216.0,69316.0,23442.0,24962.949404885396,26082.028523452344,27119.666681072973,0.04065352785598497,0.17238425294965154,0.04482960328189178,0.15688365673035465
211051282,Mount Dandenong - Olinda,9770.0,9631.0,9613.0,9578.0,9587.0,6688.0,49988.0,51685.0,55160.0,55036.0,59035.0,77431.0,9770.0,9832.178252471806,9903.843546464865,9975.303408997797,-0.018730808597748227,0.18098343602464584,0.007288852190514561,0.02101365496395058
211051283,Mount Evelyn,9866.0,9789.0,9895.0,9997.0,10043.0,6585.0,49804.0,50918.0,53056.0,54628.0,58638.0,68926.0,9866.0,9978.359314066596,10077.542495700309,10176.511234909343,0.017940401378471416,0.1773753112199823,0.009939828634341952,0.03147285981242076
211051284,Upwey - Tecoma,9848.0,9719.0,9750.0,9832.0,9867.0,6785.0,53450.0,54900.0,56684.0,57671.0,62117.0,73463.0,9848.0,9885.243980311012,9934.37852024977,10008.33752966984,0.0019293257514216844,0.16215154349859673,0.00497049339769684,0.016281227626913086
211051285,Wandin - Seville,7963.0,7935.0,7963.0,7969.0,7996.0,5609.0,49381.0,50251.0,53396.0,55617.0,59165.0,70569.0,7963.0,8148.092323687938,8327.538096486704,8526.807269226616,0.004144166771317348,0.19813288511775795,0.022023041181932212,0.07080337425927619
211051286,Yarra Valley,16947.0,16942.0,16938.0,17026.0,17087.0,10477.0,44815.0,45120.0,47422.0,47076.0,50890.0,59784.0,16947.0,17396.04694985452,17803.391436622165,18251.852188284676,0.008261049153242439,0.13555729108557402,0.023415922476057283,0.07699605760811212
212011289,Emerald - Cockatoo,18802.0,18726.0,18884.0,18907.0,19043.0,12599.0,50480.0,51837.0,54262.0,55556.0,59494.0,74531.0,18802.0,19068.88908377205,19373.62533343257,19754.67810613566,0.012817785341984855,0.17856576862123608,0.015980807708397382,0.05066897703093609
212011546,Beaconsfield - Officer,23966.0,25750.0,26922.0,28306.0,29524.0,17196.0,55213.0,55148.0,57269.0,59638.0,63695.0,73058.0,23966.0,32304.48213460816,39347.424074218194,45276.39826334826,0.23191187515647171,0.1536232409034104,0.21801748470268323,0.889192950986742
212011547,Bunyip - Garfield,9940.0,10057.0,10178.0,10223.0,10366.0,6424.0,47141.0,48000.0,50274.0,51221.0,55111.0,66832.0,9940.0,10417.467253376673,10828.230167212118,11330.125008111454,0.04285714285714293,0.16906726628624758,0.03943020926725738,0.1398516104739893
212011548,Koo Wee Rup,10160.0,10802.0,11503.0,11981.0,12598.0,7361.0,45139.0,47412.0,51906.0,53558.0,57030.0,64706.0,10160.0,13568.737816647412,16868.78138484083,20438.837887436217,0.23996062992125977,0.2634307361704955,0.24320932519932792,1.0116966424641944
212011549,Pakenham - North East,15622.0,15762.0,15984.0,16320.0,16593.0,9774.0,50332.0,50623.0,51330.0,53825.0,57941.0,62487.0,15622.0,16757.198359428887,19257.280172256724,21493.116535277408,0.06215593393931629,0.15117619009775085,0.14919449893729397,0.3758236163921014
212011550,Pakenham - North West,7567.0,8087.0,8785.0,9629.0,10502.0,5374.0,51880.0,52896.0,54938.0,57639.0,61704.0,68398.0,7567.0,12313.510733321758,16981.630541684503,19763.778050545185,0.3878683758424739,0.18936006168080177,0.37910551340409215,1.6118379873853819
212011551,Pakenham - South East,6493.0,6586.0,6668.0,6677.0,6778.0,3945.0,45749.0,44420.0,46874.0,48509.0,52720.0,57101.0,6493.0,7393.66469448331,9954.762042161534,12518.977406108168,0.04389342368704763,0.15237491529869507,0.3463907890750244,0.9280729102276557
212011552,Pakenham - South West,27171.0,27436.0,27966.0,28162.0,28194.0,16995.0,48886.0,49564.0,50898.0,53033.0,56076.0,61877.0,27171.0,27857.183463975824,28213.940475535914,28215.825307393057,0.037650436126752895,0.14707687272429726,0.012806643285436126,0.03845369354801287
212021293,Berwick - North,23181.0,23065.0,23540.0,23748.0,23637.0,15333.0,50829.0,52440.0,54676.0,56686.0,60469.0,84933.0,23181.0,23337.373306129863,23787.37526737305,24399.879810884002,0.019671282515853594,0.1896555116173837,0.01928245974130194,0.05258098489642382
212021295,Doveton,12058.0,12134.0,12468.0,12728.0,12893.0,6833.0,40468.0,40940.0,42914.0,44431.0,46960.0,51174.0,12058.0,12814.962165247036,13690.057629975092,14790.169929184018,0.0692486316138663,0.16042305031135706,0.06828701118613001,0.22658566339227226
212021297,Hallam,11598.0,11554.0,11737.0,11898.0,12009.0,6660.0,42627.0,43510.0,45579.0,46385.0,50168.0,55264.0,11598.0,11901.822349679209,12251.841464581743,12751.87088159969,0.03543714433523015,0.176906655406198,0.029408867366598646,0.09948878096220826
212021299,Narre Warren North,8308.0,8225.0,8191.0,8160.0,8237.0,5686.0,51717.0,52807.0,54406.0,56805.0,59456.0,113787.0,8308.0,8460.295399658524,8685.3054104839,8910.307269346797,-0.008545979778526669,0.14964131716843587,0.026595999335254472,0.07249726400418832
212021453,Endeavour Hills - North,12190.0,12057.0,12025.0,12118.0,12175.0,7463.0,47268.0,48093.0,50219.0,52219.0,56172.0,64549.0,12190.0,12223.371583748278,12298.348454630968,12373.315342094947,-0.0012305168170632097,0.18837268342218838,0.006133894430762288,0.015038174084901268
212021454,Endeavour Hills - South,13461.0,13298.0,13490.0,13564.0,13539.0,8397.0,45646.0,46878.0,48668.0,49927.0,53355.0,61458.0,13461.0,13473.563007033908,13498.528842998163,13548.48775667374,0.005794517494985607,0.16888664943259002,0.0018529498063148964,0.006499350469782339
212021455,Narre Warren - North East,13617.0,13482.0,13626.0,13605.0,13618.0,8804.0,48830.0,49795.0,51570.0,53348.0,57218.0,63676.0,13617.0,13720.100755705833,13870.084688230163,14088.817030696033,7.343761474620791e-05,0.1717796436616834,0.010931693228415584,0.034649117330985746
212021456,Narre Warren - South West,14900.0,14933.0,15234.0,15403.0,15484.0,9374.0,46253.0,46973.0,49254.0,51230.0,54740.0,59685.0,14900.0,15205.328166569167,15580.341741653425,16017.850047392934,0.039194630872483316,0.18349080059671796,0.024663300323157333,0.07502349311361978
212021553,Berwick - South East,17986.0,18357.0,19128.0,19954.0,20765.0,12581.0,52705.0,53420.0,56503.0,58797.0,62945.0,73647.0,17986.0,21470.422825067806,25384.965549950648,26242.678783002542,0.1545090626042478,0.1942889668911867,0.18232257262825846,0.4590614246081699
212021554,Berwick - South West,11362.0,11629.0,12093.0,12746.0,13243.0,7610.0,50746.0,52122.0,53203.0,56281.0,60926.0,68811.0,11362.0,13906.080553188129,15518.12328089821,15960.05825689787,0.16555183946488294,0.2006069443897056,0.1159235861998873,0.4046874015928419
212031300,Cranbourne,21581.0,21578.0,21983.0,22468.0,22708.0,13513.0,46529.0,46731.0,48286.0,50538.0,54139.0,58105.0,21581.0,22105.517841517943,22861.88792537574,23963.301702006836,0.052221861822899784,0.16355391261363872,0.03421634766850867,0.11038884676367333
212031303,Cranbourne South,17641.0,19700.0,21817.0,24522.0,27368.0,13495.0,54179.0,55866.0,57285.0,59852.0,63630.0,71972.0,17641.0,32310.303167007485,47349.23056205816,62795.2541503356,0.551385975851709,0.17444028128979872,0.4654529955140483,2.559619871341511
212031304,Cranbourne West,21853.0,22935.0,23770.0,24843.0,25490.0,14129.0,49387.0,50621.0,52984.0,55366.0,58856.0,63312.0,21853.0,27258.897193110086,29557.66350886047,30002.671139275877,0.1664302384112022,0.19173061736894326,0.0843308626708279,0.3729314574326581
212031306,Lynbrook - Lyndhurst,18271.0,18624.0,18995.0,19379.0,19545.0,11852.0,50853.0,51798.0,55274.0,57217.0,59408.0,66914.0,18271.0,19695.118322133425,20629.53537447095,20992.66216376861,0.06972798423731597,0.16822999626374058,0.04744409437172181,0.14896076644784695
212031308,Pearcedale - Tooradin,8083.0,8088.0,8118.0,8222.0,8272.0,5344.0,51302.0,51892.0,52520.0,53405.0,57925.0,68831.0,8083.0,8294.118211293806,8509.581713015716,8776.22950647075,0.023382407521959747,0.12909828076878105,0.025977867234701524,0.0857638879711431
212031457,Narre Warren South - East,13270.0,13151.0,13138.0,12996.0,13022.0,8715.0,49134.0,49333.0,51546.0,52586.0,56586.0,69092.0,13270.0,13337.683093639607,13355.44473192079,13407.426054645735,-0.01868877166541072,0.15166687019172054,0.0013316884316776356,0.010356145790937132
212031458,Narre Warren South - West,16930.0,16751.0,17066.0,17089.0,17083.0,10492.0,47198.0,48613.0,49528.0,50933.0,53951.0,60564.0,16930.0,16952.99710907646,16952.904883882184,17002.501877964547,0.00903721204961605,0.14307809652951398,-5.440052498251191e-06,0.004282449968372459
212031555,Clyde North - North,10652.0,11675.0,12490.0,13108.0,13667.0,7301.0,56548.0,56663.0,57734.0,60910.0,64117.0,72362.0,10652.0,15082.08178376603,18919.095174682705,21098.895164954218,0.2830454374765303,0.13385088774138776,0.25440873786049467,0.9807449460152289
212031556,Clyde North - South,15038.0,17977.0,20645.0,24557.0,28328.0,13045.0,54232.0,54237.0,55688.0,57750.0,60360.0,65515.0,15038.0,31590.44765788978,49807.77235973162,63246.66022049417,0.8837611384492619,0.1129960171116684,0.576671938907837,3.2057893483504563
212031557,Cranbourne East - North,23785.0,24228.0,24805.0,25066.0,25111.0,14506.0,49481.0,49996.0,51258.0,52283.0,55098.0,60479.0,23785.0,25688.566505874856,26974.33475192493,29495.99705271662,0.05574942190456178,0.113518320163295,0.050052160199597795,0.24010918867843678
212031558,Cranbourne East - South,12450.0,13633.0,14425.0,15055.0,15590.0,8313.0,50660.0,51946.0,52956.0,55221.0,58451.0,62609.0,12450.0,16552.963067012857,18492.719533413027,18978.550010202016,0.2522088353413654,0.15378997236478487,0.1171848483288025,0.5243815269238568
212031559,Cranbourne North - East,12925.0,13237.0,13537.0,13621.0,13691.0,7821.0,51379.0,51842.0,53605.0,55921.0,58389.0,64791.0,12925.0,13694.830154063075,14829.679430433687,19151.139210015044,0.059264990328820044,0.13643706572724268,0.08286698437321749,0.4817128982603516
212031560,Cranbourne North - West,12042.0,11965.0,12170.0,12295.0,12313.0,7552.0,47753.0,47608.0,48713.0,50666.0,55119.0,58917.0,12042.0,12102.588515527197,12184.153343634078,12329.30404428775,0.022504567347616744,0.15425208887399755,0.006739453134528617,0.023858498944340667
212031561,Hampton Park - East,12858.0,12823.0,13115.0,13348.0,13393.0,7594.0,45634.0,46284.0,48119.0,50233.0,53679.0,55768.0,12858.0,12936.4807715904,13061.463151567774,13248.943809298129,0.04160833722196289,0.17629399132225965,0.009661234935844698,0.030404713742271605
212031562,Hampton Park - West,13518.0,13401.0,13671.0,13715.0,13748.0,7872.0,45560.0,46339.0,47541.0,48392.0,52205.0,54767.0,13518.0,13596.581843085212,13721.562365169731,13909.040654933877,0.017014351235389746,0.14585162423178222,0.009192054556570906,0.02892740456679066
212041309,Clarinda - Oakleigh South,11653.0,11490.0,11662.0,11724.0,11741.0,7209.0,46495.0,47657.0,49841.0,52254.0,56637.0,66534.0,11653.0,11743.0152957926,11863.000029433877,12063.000272598174,0.007551703424010903,0.21813098182600288,0.010217540437358119,0.03518409616392115
212041310,Clayton South,13562.0,13923.0,14714.0,15085.0,15349.0,9669.0,39571.0,40446.0,45004.0,49302.0,52493.0,59430.0,13562.0,14848.019340196588,15948.000039569364,16948.000382988797,0.13176522636779242,0.3265522731293118,0.07408265534749847,0.24966821877221634
212041312,Dandenong North,22834.0,22542.0,22878.0,23248.0,23391.0,13241.0,43080.0,43401.0,46010.0,48113.0,51184.0,57362.0,22834.0,22950.10311950175,23370.94291916834,23797.006162009133,0.02439344836647095,0.1881151346332406,0.01833716377984307,0.04217422098664847
212041313,Dingley Village,10553.0,10542.0,10654.0,10728.0,10770.0,7072.0,49603.0,49998.0,52032.0,55079.0,59306.0,71737.0,10553.0,10678.01390858157,11015.500027331103,11409.250257824815,0.020562873116649394,0.1956131685583533,0.03160570136346297,0.08113808943663559
212041316,Noble Park North,7518.0,7450.0,7573.0,7622.0,7593.0,4449.0,44053.0,43446.0,46167.0,47486.0,52439.0,57554.0,7518.0,7637.177079145798,7929.207995568573,8226.021920760024,0.00997605746209107,0.1903616098790093,0.038238070611220865,0.09417689821229369
212041317,Springvale,22515.0,22598.0,23468.0,24023.0,24468.0,14324.0,34780.0,34989.0,38990.0,41946.0,45701.0,51361.0,22515.0,24022.345010453675,26039.806836639607,28440.004230062565,0.08674217188540978,0.31400230017251296,0.08398271797811607,0.2631580826143711
212041318,Springvale South,12728.0,12450.0,12813.0,13111.0,13274.0,7990.0,39547.0,39836.0,41809.0,44501.0,48551.0,52509.0,12728.0,12996.19587286592,13502.460045057811,13992.395817198429,0.0428975487115022,0.2276784585429994,0.0389547970147861,0.09933970908221479
212041459,Noble Park - East,12889.0,12842.0,13330.0,13641.0,13935.0,8305.0,41584.0,41745.0,45000.0,48079.0,52187.0,55970.0,12889.0,13482.48684225015,14317.11354966509,15187.8010428475,0.08115447280626897,0.2549778761061947,0.061904507468122594,0.17835371579234227
212041460,Noble Park - West,19810.0,19646.0,20165.0,20260.0,20473.0,12398.0,38608.0,39723.0,42848.0,45406.0,48556.0,52123.0,19810.0,20469.947090650945,21437.93355439302,22311.509810125797,0.03346794548207965,0.25766680480729387,0.047288176146980554,0.12627510399423514
212041563,Dandenong - North,21820.0,21333.0,22141.0,22963.0,23327.0,12463.0,38671.0,38890.0,42455.0,44835.0,47609.0,52295.0,21820.0,23306.66850994862,26194.916332468332,30151.2232860899,0.06906507791017424,0.23112926999560401,0.12392366679462752,0.38181591595279096
212041564,Dandenong - South,9491.0,9535.0,9798.0,9993.0,10039.0,5296.0,39919.0,40958.0,44298.0,46053.0,48398.0,59503.0,9491.0,9932.261748346378,10728.097754271119,11412.21252930558,0.05773891054683378,0.2124051203687467,0.08012636256361638,0.20242466856027597
212041565,Keysborough - North,15205.0,14987.0,15099.0,15059.0,15067.0,9276.0,42949.0,43202.0,45627.0,47434.0,50663.0,55096.0,15205.0,15324.010755511445,15670.521407744829,16042.829033319436,-0.009075961854653092,0.1796083727211344,0.02261226892631596,0.05510220541397137
212041566,Keysborough - South,15290.0,15636.0,16218.0,16827.0,17117.0,10520.0,50184.0,51699.0,54528.0,58617.0,62170.0,73868.0,15290.0,17290.0225773595,19030.000047216283,20330.0004594148,0.11948986265533024,0.23884106488123713,0.1006347714163891,0.32962723737179855
212051319,Ashwood - Chadstone,19782.0,20041.0,20560.0,20875.0,21139.0,13487.0,47750.0,48489.0,53054.0,58023.0,62361.0,77855.0,19782.0,20543.90557464386,21781.610054043424,23179.21052380089,0.06859771509453028,0.3059895287958114,0.060246795571684775,0.1717324094530832
212051321,Glen Waverley - East,21882.0,21727.0,22410.0,22630.0,22820.0,15205.0,39353.0,40169.0,42733.0,45489.0,48550.0,69631.0,21882.0,22294.52775395385,22844.500056680623,23444.50052979589,0.04286628278950744,0.23370518130765117,0.024668488554516976,0.07140574580915304
212051322,Glen Waverley - West,21324.0,21502.0,22510.0,23121.0,23417.0,14833.0,39507.0,41145.0,43886.0,47768.0,50347.0,70123.0,21324.0,24068.309962095234,26118.280064803355,27805.780628351535,0.09815231663852941,0.274381755132002,0.08517299743673656,0.30396645227684926
212051323,Mount Waverley - North,16238.0,16270.0,16767.0,17152.0,17492.0,11540.0,43765.0,44808.0,47453.0,52010.0,56386.0,77155.0,16238.0,16799.020912721557,17611.500043696768,18346.500414591923,0.0772262593915507,0.2883811264709242,0.04836467167916525,0.1298497607212663
212051324,Mount Waverley - South,19471.0,19586.0,20213.0,20522.0,20659.0,13769.0,46412.0,47827.0,50216.0,53828.0,59296.0,78676.0,19471.0,20282.275248946178,21157.250052494303,22014.75049748657,0.06101381541780082,0.27760062052917345,0.0431398742403708,0.13064303309981873
212051325,Mulgrave,20072.0,20212.0,20666.0,20938.0,21072.0,13277.0,47459.0,48635.0,51777.0,53482.0,58270.0,69807.0,20072.0,21161.026342883553,22173.500055015782,23298.500526496595,0.049820645675567876,0.22779662445479265,0.04784615338247633,0.1607463395026203
212051326,Oakleigh - Huntingdale,23253.0,23515.0,24387.0,25025.0,25427.0,16218.0,48913.0,49641.0,53044.0,57659.0,61542.0,76803.0,23253.0,24978.031094586524,27065.500067153564,28978.00065484122,0.0934933126908355,0.25819311839388304,0.083572198491636,0.24620481894126445
212051327,Wheelers Hill,20854.0,20667.0,20950.0,21236.0,21281.0,13986.0,44894.0,45047.0,45723.0,47588.0,51528.0,74679.0,20854.0,21084.86624807358,21639.610053691107,22237.510502520472,0.020475688117387536,0.14777030338129826,0.02631004622418276,0.0663426921703496
212051567,Clayton (North) - Notting Hill,10099.0,10711.0,12765.0,14069.0,14911.0,7459.0,21824.0,23726.0,29128.0,30407.0,32436.0,45426.0,10099.0,13379.016655235531,14809.000036743342,16721.000377859073,0.47648282008119613,0.48625366568914963,0.10688254737677028,0.6557085234042057
212051568,Clayton - Central,12276.0,12884.0,14164.0,14977.0,15483.0,9706.0,32172.0,31629.0,38549.0,44043.0,47023.0,55331.0,12276.0,14616.018195150795,16696.000041425275,18811.000425088616,0.2612414467253177,0.46161258236976255,0.14230837828079346,0.5323395589026243
213011328,Ardeer - Albion,7590.0,7463.0,7692.0,7880.0,7955.0,4887.0,42274.0,43329.0,46542.0,49626.0,54273.0,60814.0,7590.0,8346.996726817173,9125.322855602943,9870.014470385022,0.04808959156785253,0.2838387661446753,0.09324624823263306,0.30039716342358647
213011329,Cairnlea,10142.0,9989.0,10071.0,10009.0,10035.0,6377.0,46097.0,47732.0,49120.0,49901.0,53568.0,61168.0,10142.0,10222.921076680885,10419.47167588858,10607.293350661317,-0.010550187339775197,0.16207128446536645,0.019226461569388453,0.04587786932176274
213011331,Delahey,8148.0,8024.0,8000.0,7981.0,7859.0,4860.0,45821.0,46822.0,47180.0,50215.0,54187.0,57606.0,8148.0,8182.999133764195,8260.633467648418,8336.341369276593,-0.03546882670594009,0.1825800397197792,0.009487271428869404,0.0231150428665432
213011332,Keilor Downs,13193.0,12974.0,12995.0,13036.0,13080.0,7808.0,47083.0,47962.0,48564.0,51182.0,55661.0,62989.0,13193.0,13319.660506937578,13612.837988334259,13869.743038678747,-0.008565148184643379,0.18218890045239267,0.02201088242782001,0.05129561424079032
213011333,Kings Park (Vic.),14076.0,13816.0,13846.0,13884.0,13956.0,7460.0,41983.0,42688.0,42972.0,43234.0,47416.0,50736.0,14076.0,14158.90534127769,14411.968868827378,14676.541810068034,-0.008525149190110826,0.12940952290212704,0.017873099752417243,0.04266423771440997
213011334,St Albans - North,20838.0,20288.0,20708.0,20921.0,21020.0,11647.0,36724.0,36723.0,38912.0,41247.0,45146.0,50530.0,20838.0,21863.661998954136,22975.08868256648,24024.43042730122,0.008734043574239347,0.22933231674109567,0.050834424885707996,0.15291440768313747
213011335,St Albans - South,17656.0,17098.0,17452.0,17697.0,17705.0,10013.0,36353.0,36778.0,38987.0,41273.0,44931.0,50087.0,17656.0,18413.976327072727,19447.028904607094,20429.1913982241,0.0027752605346624826,0.23596401947569667,0.05610154804074252,0.1570679314807486
213011336,Sunshine,9568.0,9601.0,9910.0,10059.0,10151.0,6716.0,40629.0,40647.0,45168.0,50055.0,53280.0,61376.0,9568.0,11294.366452213935,13271.654266730173,15828.41610433087,0.06093227424749159,0.31137857195599206,0.17506850188384382,0.6543077032118385
213011337,Sunshine North,12161.0,11966.0,12185.0,12462.0,12751.0,7652.0,39215.0,40869.0,43102.0,45637.0,49471.0,56050.0,12161.0,13400.373851380227,14947.049071752941,16416.423657275558,0.04851574706027462,0.26153257682009445,0.11542030375618273,0.3499238267638811
213011338,Sunshine West,18770.0,18266.0,18527.0,18724.0,18693.0,11256.0,42338.0,43488.0,45651.0,47610.0,51963.0,57702.0,18770.0,19295.068672952642,20137.916823538984,20890.150823260734,-0.004102290889717586,0.22733714393688875,0.043682049795854105,0.11295422606610206
213011339,Sydenham,11859.0,11583.0,11776.0,11929.0,12025.0,7350.0,47936.0,48789.0,50691.0,52637.0,57970.0,64400.0,11859.0,11945.672865008217,12160.398641245081,12401.305189784258,0.013997807572307952,0.20932076101468633,0.017975193081492202,0.04572941983171086
213011340,Taylors Lakes,17070.0,16754.0,16903.0,16966.0,16896.0,11825.0,51399.0,52364.0,54364.0,56561.0,60387.0,71297.0,17070.0,17082.55214408449,17211.10961326809,17358.682678930498,-0.010193321616871698,0.1748672153154731,0.007525659403774698,0.016911697652636004
213011569,Deer Park,18219.0,17960.0,18163.0,18398.0,18368.0,10471.0,45051.0,46001.0,46482.0,48603.0,51500.0,56564.0,18219.0,18324.798852754404,18646.57737910534,19013.083379901724,0.008178275426752313,0.1431488757186299,0.017559730337916912,0.04358545364189714
213011570,Derrimut,8748.0,8705.0,8826.0,8880.0,8958.0,5338.0,52945.0,54498.0,55543.0,57381.0,59497.0,66755.0,8748.0,8785.511357972824,8960.500022232338,9155.50020689484,0.02400548696844984,0.12375106242326939,0.01991786899241932,0.046582099553593936
213021341,Altona,13655.0,13711.0,13877.0,14190.0,14428.0,9114.0,58640.0,60678.0,63965.0,67563.0,70793.0,85239.0,13655.0,14255.052906936553,14799.082819418727,15464.383132162186,0.056609300622482595,0.20724761255115953,0.03816400514497187,0.13250700345384003
213021342,Altona Meadows,18660.0,18334.0,18604.0,18733.0,18783.0,11397.0,52053.0,53431.0,55295.0,57426.0,61570.0,68023.0,18660.0,18610.026272268035,18665.000046310655,18815.000425179027,0.00659163987138256,0.18283288187040125,0.0029539869121271156,0.008306560834888899
213021343,Altona North,15084.0,15034.0,15342.0,15851.0,16493.0,9267.0,54760.0,56561.0,59843.0,64025.0,66099.0,81630.0,15084.0,16660.343519849146,19273.920047821477,21877.92049439451,0.09341023601166798,0.20706720233747267,0.15687410795932943,0.4504057606997156
213021344,Newport,18983.0,18928.0,19445.0,19879.0,20328.0,13008.0,68099.0,70258.0,73811.0,77738.0,80487.0,96888.0,18983.0,20333.028704676304,21435.500053184674,22363.000505356293,0.07085286835589732,0.18191162865827692,0.05422071470615775,0.17805407498057702
213021345,Seabrook,4999.0,4854.0,4903.0,4932.0,4932.0,3271.0,52574.0,53507.0,55760.0,58110.0,61745.0,70612.0,4999.0,4899.006916058092,4902.6000121640855,4953.800111945356,-0.01340268053610727,0.17443983718187694,0.0007334335647120049,-0.009041785968122551
213021346,Williamstown,16075.0,16154.0,16557.0,16867.0,17102.0,11576.0,62976.0,64442.0,68550.0,71141.0,74462.0,105350.0,16075.0,16900.023858212244,17787.500044133445,18849.500425958657,0.06388802488335932,0.18238694105691056,0.05251330964778189,0.17259722712028958
213031347,Braybrook,19359.0,19488.0,20151.0,20607.0,20916.0,13420.0,43116.0,45157.0,48092.0,51820.0,56145.0,64848.0,19359.0,21132.219630750613,22822.29296291916,24899.556961856513,0.08042770804277088,0.3021848037851378,0.0799761388864817,0.28620057657195686
213031348,Footscray,17419.0,18017.0,19845.0,20607.0,20882.0,15545.0,46629.0,48118.0,49032.0,52022.0,55590.0,65807.0,17419.0,25837.510404064906,32227.485572097583,38593.210669300475,0.1988059016016992,0.19217654249501392,0.24731388853267267,1.2155813002641067
213031349,Maribyrnong,12712.0,12867.0,13364.0,13751.0,13960.0,9697.0,52003.0,53962.0,56815.0,60181.0,64104.0,77817.0,12712.0,13956.162284379512,15979.348677364882,17697.071077892448,0.09817495280050337,0.23269811357037096,0.14496724470235112,0.3921547418102933
213031350,Seddon - Kingsville,9363.0,9335.0,9534.0,9722.0,9748.0,6452.0,64648.0,67675.0,72658.0,78789.0,80670.0,95156.0,9363.0,10623.013609587186,10998.000027287679,11448.000258700482,0.04111929936986014,0.2478344264323722,0.035299438698080055,0.2226850644772489
213031351,West Footscray - Tottenham,11881.0,11960.0,12548.0,12883.0,13007.0,8417.0,51953.0,53966.0,58701.0,64089.0,66706.0,77131.0,11881.0,12478.346447702308,13003.08460675593,13723.845848322318,0.09477316724181462,0.28396820202875683,0.04205189856307001,0.15510864812072378
213031352,Yarraville,15651.0,15607.0,15954.0,16153.0,16159.0,10962.0,67584.0,69729.0,75104.0,79353.0,81233.0,98976.0,15651.0,16695.876664130177,17492.788432761135,18451.31800443639,0.03245798990479831,0.20195608428030298,0.0477310526821908,0.1789226250358693
213041353,Bacchus Marsh,25057.0,25618.0,26033.0,26531.0,27182.0,16173.0,53031.0,54422.0,55640.0,58050.0,62129.0,72184.0,25057.0,29105.5724275349,34861.35319923568,41018.20939106776,0.08480664085884193,0.1715600309253078,0.19775528504141726,0.6369960247063797
213041358,Melton West,21505.0,21807.0,22199.0,22617.0,22710.0,12541.0,49416.0,49657.0,50667.0,51659.0,55284.0,60309.0,21505.0,22924.2594691692,24299.338567716062,27539.381486167575,0.05603348058591018,0.11874696454589606,0.059983577676574695,0.2806036496706614
213041359,Rockbank - Mount Cottrell,17900.0,22867.0,27141.0,31254.0,35856.0,15429.0,50451.0,52537.0,56117.0,58106.0,60397.0,66724.0,17900.0,41470.66035792301,63590.2690616543,85990.06872761522,1.0031284916201115,0.1971417811341698,0.5333797077939542,3.8039144540567156
213041360,Taylors Hill,19794.0,19859.0,19863.0,19818.0,19874.0,12394.0,53308.0,54058.0,55142.0,57270.0,60612.0,69936.0,19794.0,19947.874110323773,20097.87258891133,20197.87086614174,0.0040416287763969105,0.1370150821640279,0.00751952201813455,0.02040370143183501
213041461,Burnside,5857.0,5995.0,6199.0,6418.0,6635.0,3516.0,49012.0,51265.0,52199.0,53512.0,57796.0,66064.0,5857.0,6677.584291525324,7052.60802676493,7152.639357090029,0.13283250810995395,0.17922141516363332,0.056161587614185216,0.22121211492061277
213041462,Burnside Heights,6440.0,6334.0,6473.0,6460.0,6443.0,3808.0,51272.0,53045.0,54139.0,54504.0,59471.0,68134.0,6440.0,6554.615808636418,6667.121198943936,6767.126817971284,0.00046583850931680715,0.15991184272117343,0.017164299722842724,0.05079608974709382
213041463,Caroline Springs,20634.0,20659.0,20896.0,20954.0,20934.0,13047.0,54246.0,54894.0,55267.0,57670.0,60988.0,71263.0,20634.0,20862.4600360177,21012.457804006826,21112.455581287628,0.014539110206455375,0.12428566161560295,0.00718984087831287,0.023187728084114845
213041571,Brookfield,9948.0,9959.0,10137.0,10364.0,10665.0,5617.0,48449.0,49785.0,50534.0,51577.0,55272.0,61401.0,9948.0,10373.774892113524,10923.812651891863,12848.82142511724,0.07207478890229191,0.1408285000722409,0.05302194866369181,0.2915984544749939
213041572,Cobblebank - Strathtulloh,7715.0,8835.0,10197.0,11697.0,12885.0,5995.0,54085.0,52791.0,54328.0,56943.0,58411.0,64296.0,7715.0,14033.546669152476,20333.446519997466,26633.40183379039,0.6701231367465976,0.07998520846815205,0.4489171553968585,2.4521583711977177
213041573,Eynesbury - Exford,3026.0,3120.0,3409.0,3909.0,4309.0,2113.0,67396.0,67996.0,70036.0,71299.0,73161.0,81957.0,3026.0,3775.8780264158295,4225.884970665352,4525.89835172093,0.4239920687376073,0.0855392011395335,0.11917941763512996,0.4956703079051321
213041574,Fraser Rise - Plumpton,10239.0,12954.0,16374.0,20675.0,24739.0,10140.0,56785.0,57817.0,58900.0,60563.0,63899.0,69679.0,10239.0,26194.79381988866,39244.57175583126,52294.465505565895,1.4161539212813752,0.12527956326494682,0.49818212067905,4.10738016462212
213041575,Hillside,16346.0,16220.0,16127.0,16093.0,16173.0,10778.0,52323.0,53772.0,54386.0,57420.0,61663.0,72160.0,16346.0,16498.550045022126,16618.548408137915,16698.54673459936,-0.01058362902239085,0.17850658410259346,0.007273267213684154,0.021567767930953163
213041576,Kurunjang - Toolern Vale,11748.0,11814.0,11889.0,12031.0,12082.0,7089.0,49069.0,49637.0,50152.0,51313.0,56070.0,64194.0,11748.0,12437.598223665278,13180.141234229688,13300.201287464484,0.02843037112700042,0.142676639018525,0.05970147911286916,0.13212472654617669
213041577,Melton,7966.0,7893.0,7990.0,8017.0,8007.0,4081.0,45106.0,45504.0,45291.0,46260.0,50391.0,54515.0,7966.0,8365.729758738036,8765.761394427936,10385.766743476264,0.005146874215415487,0.11716844765663104,0.047817900796050195,0.303761830715072
213041578,Melton South - Weir Views,16926.0,18660.0,20128.0,21641.0,22821.0,10248.0,45828.0,46469.0,47241.0,48473.0,52304.0,56242.0,16926.0,23480.241509075768,26696.273322729045,28581.458081909605,0.348280751506558,0.14131098891507365,0.13696757814054816,0.6886126717422667
213051361,Hoppers Crossing - North,18657.0,18230.0,18273.0,18353.0,18359.0,11956.0,48270.0,49119.0,50406.0,52742.0,56201.0,63318.0,18657.0,18830.070641657025,19167.547261792108,19637.542247600086,-0.015972557217130312,0.1643049513155168,0.017922217423257836,0.05255626561612714
213051362,Hoppers Crossing - South,18991.0,18463.0,18736.0,18879.0,18906.0,11359.0,44519.0,44758.0,46026.0,48304.0,52248.0,58970.0,18991.0,19162.41655473323,19499.891481538903,19969.884672372948,-0.004475804328366029,0.17361126709944075,0.01761129270109274,0.05154466180680051
213051363,Laverton,11643.0,11839.0,12359.0,12672.0,12816.0,8597.0,46407.0,47032.0,50437.0,53488.0,57900.0,69038.0,11643.0,12546.5679219441,13370.407867825286,14230.502139211487,0.10074723009533626,0.24765660352963992,0.06566257410046616,0.22223672070870792
213051368,Werribee - South,16994.0,17428.0,17780.0,17866.0,17936.0,11455.0,52174.0,52675.0,54796.0,57025.0,61029.0,71460.0,16994.0,18164.212934934363,18944.372920915543,20244.485531316957,0.055431328704248495,0.1697205504657493,0.042950387598723605,0.1912725392089536
213051464,Point Cook - East,19593.0,20081.0,20740.0,21396.0,21797.0,12970.0,52720.0,54532.0,56934.0,60300.0,64782.0,80601.0,19593.0,20473.4365967973,20973.64147961551,21133.836572113647,0.11248915428979744,0.228793626707132,0.02443189644558541,0.07864219732116817
213051466,Point Cook - South,19384.0,19610.0,20167.0,20490.0,20835.0,12194.0,57441.0,58931.0,61589.0,65151.0,69594.0,82232.0,19384.0,19970.475004211745,21740.5918021359,25870.575812336134,0.07485555096987206,0.21157361466548275,0.08863668979084571,0.33463556605118305
213051467,Werribee - East,19235.0,18765.0,18910.0,19040.0,19205.0,11070.0,46268.0,46714.0,47516.0,49999.0,53818.0,59555.0,19235.0,19467.283638586756,19852.267224340965,20292.252224219646,-0.0015596568754874252,0.16317973545430964,0.01977592728916333,0.05496502335428377
213051468,Werribee - West,22692.0,25434.0,28022.0,30413.0,32943.0,17687.0,52497.0,53239.0,55208.0,58556.0,62584.0,69570.0,22692.0,36801.18976842628,48241.37527357855,59451.227181297865,0.45174510840824955,0.19214431300836243,0.31086455566084514,1.6199201119909161
213051579,Manor Lakes - Quandong,10791.0,11395.0,11954.0,12519.0,13667.0,7166.0,55493.0,57750.0,59202.0,62512.0,66517.0,75738.0,10791.0,14317.906648573415,20407.678138616106,26682.331124815053,0.26651839495876195,0.19865568630277686,0.4253255478970073,1.472646754222505
213051580,Point Cook - North East,14324.0,14272.0,14647.0,14749.0,14746.0,9517.0,53029.0,53918.0,55660.0,58852.0,62819.0,74005.0,14324.0,14387.965970525758,14587.935661707377,14767.894599771196,0.029461044401005276,0.1846159648494221,0.013898398953073876,0.030989569936553663
213051581,Point Cook - North West,9689.0,9724.0,9958.0,10107.0,10151.0,6458.0,55477.0,57275.0,58327.0,63398.0,66001.0,76508.0,9689.0,10123.226964882824,10348.329710252252,10498.422056807247,0.04768293941583246,0.1897002361338933,0.02223626380701549,0.08354030929995315
213051582,Tarneit (West) - Mount Cottrell,10316.0,13015.0,15199.0,17068.0,19169.0,9262.0,49390.0,50027.0,51998.0,53541.0,54999.0,62779.0,10316.0,22897.61797843843,33050.59920573697,43412.18941531413,0.8581814656843738,0.11356549908888436,0.44340774821464457,3.2082386017171514
213051583,Tarneit - Central,28594.0,28649.0,29230.0,29337.0,29246.0,18152.0,47628.0,47917.0,50000.0,51770.0,53344.0,61841.0,28594.0,29226.401700089034,29640.340129876597,29863.776707443758,0.022801986430719623,0.12001343747375492,0.014163167742483385,0.044407103149043836
213051584,Tarneit - North,7340.0,9368.0,11142.0,13406.0,15880.0,7353.0,46985.0,46744.0,49678.0,53178.0,53343.0,61198.0,7340.0,19695.316016045366,29844.886864677836,38694.68983867986,1.1634877384196187,0.13531978290943925,0.5153291696545423,4.27175610881197
213051585,Tarneit - South,11312.0,11368.0,11578.0,11637.0,11864.0,6891.0,48046.0,48966.0,49483.0,50941.0,53916.0,61056.0,11312.0,11746.10303797694,12158.712446788306,12383.818264837544,0.04879773691654887,0.12217458269158721,0.03512734457354383,0.09475055382227238
213051586,Truganina - North,9548.0,11538.0,12957.0,14210.0,15384.0,7811.0,49509.0,49609.0,52072.0,56154.0,57400.0,65759.0,9548.0,16479.24160359062,19669.225970191972,21144.3359941154,0.6112274821952242,0.15938516229372435,0.19357592074542396,1.214530372236636
213051587,Truganina - South East,9761.0,9994.0,10399.0,10633.0,10846.0,6519.0,51638.0,51449.0,54191.0,57560.0,59849.0,69559.0,9761.0,10630.188252041611,11042.78472849267,11267.879697793362,0.11115664378649726,0.1590108059955846,0.03881365660404157,0.1543775942826926
213051588,Truganina - South West,19389.0,19472.0,19868.0,20259.0,20395.0,11702.0,45931.0,46229.0,47264.0,49292.0,51307.0,59532.0,19389.0,19822.48630500169,20235.189311191367,20460.37364657221,0.05188508948372794,0.11704513291676655,0.020819941547168153,0.05525677686173647
213051589,Wyndham Vale - North,9176.0,10654.0,11820.0,13052.0,14515.0,7212.0,48261.0,51039.0,51954.0,55195.0,58636.0,65031.0,9176.0,16850.90369872708,24970.57306356558,33090.368835441914,0.5818439407149085,0.21497689645883833,0.48185364476635506,2.606186664716861
213051590,Wyndham Vale - South,13704.0,13692.0,13850.0,14106.0,14135.0,8200.0,50474.0,51756.0,52024.0,54006.0,57254.0,64412.0,13704.0,13859.049586202442,14179.047771677631,14419.02149370813,0.03145067133683588,0.13432658398383324,0.023089475471230525,0.05217611600322014
214011370,Carrum Downs,22264.0,22386.0,22858.0,23286.0,23464.0,14574.0,51337.0,52544.0,54084.0,55965.0,60607.0,65267.0,22264.0,23507.031496544452,24737.00006137618,25835.00058381611,0.053898670499461065,0.18057151761887136,0.05232343203405043,0.16039348651707286
214011371,Frankston,23909.0,23809.0,24132.0,24736.0,25043.0,14965.0,47127.0,48176.0,50221.0,52336.0,57498.0,64708.0,23909.0,25011.433512258976,26200.400065007096,27640.40062461433,0.04742983813626678,0.22006493093131319,0.04753692155091249,0.1560667792301782
214011372,Frankston North,19666.0,19587.0,19730.0,19791.0,19794.0,11374.0,45267.0,46574.0,48051.0,49801.0,55273.0,59104.0,19666.0,20012.976814938935,20485.450050827465,21025.450475130514,0.006508695210007076,0.22104402765811737,0.023608343739040638,0.06912694371659289
214011373,Frankston South,18948.0,18985.0,19139.0,19184.0,19374.0,12370.0,51013.0,51641.0,55243.0,56887.0,60926.0,78808.0,18948.0,19252.52579602765,19567.500048549886,19927.500450319163,0.02248258391386959,0.19432301570187982,0.016360152213753976,0.05169413396237932
214011374,Langwarrin,25252.0,25337.0,25531.0,25697.0,25788.0,16443.0,52674.0,53992.0,55681.0,57941.0,61979.0,71330.0,25252.0,26055.0349105571,26737.500066339722,27457.500620481173,0.021226041501663184,0.17665261798990017,0.026193215941771708,0.08733964123559224
214011375,Seaford (Vic.),17362.0,17465.0,17731.0,18024.0,18305.0,10997.0,50681.0,51928.0,54517.0,55696.0,61185.0,69148.0,17362.0,18209.02439786353,19121.25004744267,20093.250454064764,0.05431401912222089,0.20725715751465046,0.05009744781747738,0.15731197178117529
214011376,Skye - Sandhurst,13423.0,13459.0,13506.0,13573.0,13601.0,9064.0,54520.0,55270.0,58351.0,59847.0,63407.0,75302.0,13423.0,13654.168294913956,13902.90003449517,14122.90031914754,0.013260820978916676,0.163004402054292,0.01821654268563999,0.05214186986124858
214021377,Dromana,13469.0,13560.0,13560.0,13756.0,13925.0,8524.0,42594.0,43232.0,44837.0,45661.0,49644.0,67006.0,13469.0,14125.386337340185,14881.367087958075,15637.36700070059,0.033855520083153845,0.1655162698971686,0.05351929728247273,0.16098945732426984
214021378,Flinders,6024.0,6026.0,5989.0,6030.0,6064.0,4210.0,45513.0,47240.0,50364.0,51751.0,53908.0,117485.0,6024.0,6123.994076618806,6229.986221590632,6326.986648255632,0.006640106241699861,0.1844527937072924,0.017307682477437636,0.050296588355848604
214021379,Hastings - Somers,24245.0,24029.0,23856.0,23769.0,23795.0,14473.0,45649.0,46656.0,48711.0,50115.0,53445.0,66890.0,24245.0,24769.976041451308,25633.943307263933,26659.943739923354,-0.018560527943905947,0.1707813971828518,0.03487961653119154,0.0996058461506848
214021381,Mount Eliza,18924.0,18779.0,18871.0,18982.0,19110.0,12770.0,54272.0,55623.0,57367.0,60755.0,63569.0,101502.0,18924.0,19037.98158567421,19268.957384242356,19570.45870075657,0.009828788839568725,0.17130380306603765,0.012132367999659888,0.03416078528622757
214021382,Mount Martha,20026.0,19960.0,20057.0,20116.0,20161.0,13262.0,49100.0,49137.0,52469.0,53417.0,56992.0,80570.0,20026.0,20631.980043892756,21471.952512037573,22476.95256722647,0.006741236392689531,0.16073319755600823,0.04071215978097342,0.1223885232810582
214021383,Point Nepean,20000.0,19931.0,19927.0,20222.0,20574.0,12701.0,40248.0,40822.0,43411.0,44431.0,48057.0,79451.0,20000.0,20414.980253783957,21089.953356877428,21809.053976682775,0.028699999999999948,0.19402206320810977,0.033062638058068305,0.09045269883413876
214021384,Rosebud - McCrae,23149.0,22957.0,23068.0,23205.0,23508.0,13368.0,38307.0,39455.0,41524.0,42449.0,45862.0,56565.0,23149.0,23737.97703964358,24826.94509204343,26006.845118147525,0.01550822929716178,0.1972224397629676,0.04587450946562188,0.12345436598330495
214021385,Somerville,18693.0,18596.0,18776.0,18921.0,19098.0,12758.0,49125.0,50332.0,51647.0,53701.0,57476.0,71227.0,18693.0,19102.481523287188,19651.456538296672,20335.457086392034,0.02166586422725092,0.16999491094147579,0.02873841361083107,0.087864820328039
214021591,Mornington - East,15272.0,15074.0,15041.0,15062.0,15082.0,9443.0,45629.0,46908.0,48496.0,51135.0,54387.0,66469.0,15272.0,15651.984860750754,16056.964487974436,16655.464852224064,-0.01244106862231531,0.19193933682526465,0.025874010921082435,0.09058832191095223
214021592,Mornington - West,10638.0,10621.0,10746.0,10794.0,10900.0,6887.0,45847.0,46183.0,47558.0,49047.0,52533.0,75719.0,10638.0,11053.489308606466,11548.474459075347,12061.474546852423,0.024628689603308995,0.1458328789233756,0.044780895575072144,0.13381035409404252
215011386,Ararat,8470.0,8375.0,8311.0,8288.0,8399.0,4703.0,43414.0,44003.0,46126.0,46604.0,50695.0,57804.0,8470.0,8527.939671388827,8640.653369784633,8766.043278593204,-0.008382526564344794,0.1677108766757267,0.01321699059081749,0.03495198094370777
215011387,Ararat Surrounds,3184.0,3178.0,3146.0,3154.0,3181.0,2156.0,44452.0,43857.0,46614.0,47937.0,46728.0,62518.0,3184.0,3213.7941855284084,3215.8988657060077,3205.575452349002,-0.0009422110552763652,0.05120129577971744,0.0006548895343319039,0.006776209908606168
215011388,Horsham,16951.0,16906.0,16824.0,16882.0,16882.0,11003.0,46322.0,47574.0,50291.0,52335.0,54714.0,63561.0,16951.0,17169.687859980142,17495.061444847117,17854.90189691039,-0.004070556309362261,0.18116661629463326,0.018950465932777272,0.05332439955816115
215011389,Horsham Surrounds,3451.0,3413.0,3440.0,3424.0,3399.0,2479.0,46440.0,48065.0,50410.0,53066.0,51443.0,65005.0,3451.0,3388.3695303186814,3332.6205738665235,3242.2365728715226,-0.015068096203998849,0.107730404823428,-0.016453033222416757,-0.060493603920161454
215011390,Nhill Region,6907.0,6824.0,6764.0,6687.0,6698.0,4251.0,46043.0,47598.0,46644.0,49958.0,52851.0,63826.0,6907.0,6657.5052408334905,6442.0797846591895,6226.039512526838,-0.030259157376574475,0.14786178137827677,-0.03235828563123,-0.09858990697454206
215011391,St Arnaud,3428.0,3436.0,3416.0,3384.0,3394.0,2081.0,38580.0,40579.0,43109.0,45248.0,47622.0,58116.0,3428.0,3386.6883579132805,3275.576110673782,3156.3283792137863,-0.009918319719953272,0.23437013996889577,-0.03280852428593717,-0.07925076452339952
215011392,Stawell,8467.0,8422.0,8435.0,8369.0,8438.0,5496.0,43665.0,44386.0,45894.0,46787.0,47494.0,55637.0,8467.0,8416.10260481685,8426.858840980529,8425.745148302187,-0.0034250620054329106,0.08769036986144507,0.0012780543047945514,-0.004872428451377475
215011393,West Wimmera,2749.0,2705.0,2688.0,2645.0,2656.0,1745.0,46082.0,44497.0,41607.0,49529.0,44511.0,55406.0,2749.0,2648.7109717298363,2573.3877592072195,2488.7140588660914,-0.033830483812295364,-0.034091402282886984,-0.028437686605505386,-0.09468386363547054
215011394,Yarriambiack,6453.0,6359.0,6303.0,6252.0,6246.0,3923.0,41739.0,47438.0,46607.0,49404.0,51926.0,71106.0,6453.0,6238.979887026578,6060.266658442823,5881.739906792229,-0.03207810320781035,0.24406430436761783,-0.02864462329096029,-0.0885262812967258
215021395,Irymple,7679.0,7731.0,7827.0,7899.0,8079.0,5332.0,46324.0,46384.0,49189.0,50878.0,52155.0,61833.0,7679.0,8002.418445010679,8332.379934617074,8622.07304095601,0.05209011590050783,0.12587427683274321,0.04123272131715616,0.12281196001510741
215021396,Merbein,4954.0,4898.0,4900.0,4916.0,4971.0,3027.0,42512.0,41919.0,45316.0,46435.0,50373.0,56006.0,4954.0,4957.778490900958,5088.817261359683,5208.298875367429,0.0034315704481227005,0.18491249529544596,0.026430944968441228,0.05133202974715956
215021398,Mildura Surrounds,3711.0,3721.0,3739.0,3775.0,3779.0,2249.0,38380.0,36927.0,44124.0,47120.0,49554.0,58690.0,3711.0,3686.083394868033,3608.8958749117505,3516.6449858801516,0.018323901913230856,0.2911412193850964,-0.020940253295339772,-0.052372679633481134
215021399,Red Cliffs,6123.0,6070.0,6023.0,6043.0,6055.0,4075.0,36468.0,37329.0,42439.0,44925.0,44902.0,50687.0,6123.0,6110.384629412574,6282.832374254782,6448.852216655645,-0.011105667156622534,0.23127125150817163,0.028222076890564995,0.05321773912390082
215021469,Mildura - North,18085.0,18053.0,18114.0,17965.0,17718.0,12027.0,39684.0,38260.0,42866.0,44969.0,45238.0,54694.0,18085.0,18528.36911914159,18899.78266368227,19247.42368466801,-0.020293060547414976,0.1399556496320935,0.020045668463986477,0.06427557006734919
215021470,Mildura - South,16414.0,16474.0,16564.0,16536.0,16707.0,11051.0,43540.0,44004.0,46644.0,48949.0,51233.0,58629.0,16414.0,17461.05968514486,18723.292042365792,19942.708619822544,0.017850615328378172,0.1766881028938907,0.07228841662426633,0.21498163883407728
215031400,Buloke,6136.0,6105.0,6017.0,5925.0,5891.0,4032.0,37327.0,40867.0,42531.0,45229.0,48720.0,61835.0,6136.0,6009.999822755233,5880.000014589163,5720.000129259846,-0.039928292046936154,0.30522142149114573,-0.021630584359397464,-0.06779658910367559
215031401,Gannawarra,6666.0,6605.0,6529.0,6527.0,6522.0,4167.0,37910.0,39669.0,40177.0,42636.0,45404.0,54935.0,6666.0,6540.765543561999,6461.357997959636,6352.884947995321,-0.02160216021602157,0.1976787127407016,-0.012140405442375601,-0.04697195499620144
215031402,Kerang,3944.0,3883.0,3835.0,3806.0,3784.0,2284.0,38836.0,40140.0,43875.0,44156.0,47345.0,53466.0,3944.0,3847.213009825896,3827.0151375754235,3815.9291654766207,-0.04056795131845847,0.2191008342774745,-0.0052500010264278085,-0.032472321126617465
215031403,Robinvale,3749.0,3664.0,3718.0,3691.0,3749.0,3601.0,31171.0,29121.0,30847.0,33676.0,29765.0,39858.0,3749.0,3634.283491774363,3611.4443143499225,3580.1954918346564,0.0,-0.045106028038882306,-0.0062843687004972,-0.045026542588781915
215031404,Swan Hill,11173.0,11003.0,10905.0,10781.0,10747.0,7529.0,44602.0,45150.0,48109.0,49852.0,52525.0,61855.0,11173.0,11001.655007519912,11118.668324139275,11249.596214916704,-0.0381276291058803,0.1776377740908479,0.010635974000219095,0.006855474350371926
215031405,Swan Hill Surrounds,6460.0,6484.0,6470.0,6460.0,6467.0,4539.0,40177.0,39729.0,43071.0,45585.0,47812.0,57645.0,6460.0,6391.171339830849,6116.514302362972,5836.394872932267,0.0010835913312694512,0.190034099111432,-0.04297444441149134,-0.09653330140367378
216011406,Echuca,15591.0,15562.0,15499.0,15437.0,15357.0,10435.0,44284.0,45345.0,48497.0,50841.0,52111.0,60845.0,15591.0,16081.319614553131,16705.451994754687,17327.75195118781,-0.015008658841639377,0.17674555144070103,0.03881101770011042,0.11139451935012556
216011407,Kyabram,11057.0,10975.0,10917.0,10836.0,10838.0,7009.0,40715.0,42111.0,44506.0,45806.0,48803.0,54502.0,11057.0,11097.3538080697,11212.229306381445,11329.55889699221,-0.019806457447770653,0.1986491465062017,0.010351611771466596,0.024650347923687255
216011408,Lockington - Gunbower,3910.0,3949.0,3920.0,3932.0,3950.0,2561.0,40652.0,42196.0,45111.0,47349.0,50976.0,59711.0,3910.0,4050.5129614734574,4102.844836611903,4155.558203442217,0.010230179028132946,0.2539604447505657,0.0129198142645639,0.06280260957601458
216011409,Rochester,3988.0,3943.0,3769.0,3683.0,3691.0,2436.0,39219.0,41091.0,43056.0,46832.0,46236.0,54437.0,3988.0,4003.1040615785582,4045.3156662504152,4080.681556094387,-0.0744734202607823,0.17891838139677207,0.010544718304227985,0.02324010935165166
216011410,Rushworth,4168.0,4144.0,4165.0,4179.0,4210.0,2442.0,37055.0,37952.0,41259.0,40742.0,43352.0,51314.0,4168.0,4140.545454621414,4118.5543399563385,4082.5096300075434,0.010076775431861806,0.16993658075833218,-0.005311163687511389,-0.02051112523811338
216021411,Cobram,6440.0,6463.0,6621.0,6549.0,6626.0,4046.0,40724.0,40014.0,43055.0,45317.0,46997.0,54557.0,6440.0,6547.083335712161,6584.9494157030485,6617.944727302943,0.028881987577639823,0.15403693153914144,0.0057836563320250445,0.027631168835860587
216021412,Moira,2832.0,2831.0,2809.0,2836.0,2841.0,1878.0,39445.0,39720.0,43723.0,45847.0,48743.0,66201.0,2832.0,2872.7730856078447,2883.7034759399658,2900.722312461943,0.0031779661016948513,0.2357206236531879,0.003804822033066424,0.024266353270460117
216021413,Numurkah,12502.0,12484.0,12430.0,12438.0,12446.0,8040.0,39145.0,41654.0,44400.0,46374.0,46830.0,53579.0,12502.0,12548.878538224773,12569.542002369575,12601.805798402704,-0.004479283314669624,0.19632136926810584,0.0016466383096991333,0.007983186562366296
216021414,Yarrawonga,8593.0,8689.0,8766.0,8818.0,8953.0,5184.0,40289.0,41656.0,44573.0,45670.0,48921.0,57950.0,8593.0,9271.326590289875,10011.80518550823,10719.527903946633,0.04189456534388447,0.214252029089826,0.07986759909783347,0.24747211729857255
216031415,Mooroopna,8309.0,8272.0,8078.0,8267.0,8391.0,4744.0,40601.0,41977.0,45396.0,47227.0,49710.0,54399.0,8309.0,8470.447647028031,8661.053778803554,8866.74189049264,0.009868816945480807,0.22435407994876977,0.02250248625790152,0.06712503195241792
216031416,Shepparton - North,20037.0,20069.0,20092.0,20210.0,20312.0,12936.0,46484.0,47664.0,50932.0,53151.0,55876.0,67114.0,20037.0,21090.889606539273,22260.446251259422,23389.817601862018,0.01372460947247589,0.20204801652181392,0.05545316800470701,0.16733131715636174
216031418,Shepparton Surrounds - East,4010.0,4006.0,4036.0,4037.0,4055.0,2840.0,41157.0,42415.0,46148.0,48754.0,48649.0,57440.0,4010.0,4067.7766472995913,4118.62773470889,4173.678581836758,0.01122194513715713,0.18203464781203693,0.012500953670368409,0.04081760145555058
216031419,Shepparton Surrounds - West,10329.0,10354.0,10355.0,10349.0,10346.0,6771.0,41483.0,42601.0,45643.0,47312.0,48114.0,56646.0,10329.0,10652.515418550616,10927.592367159246,11257.371969620814,0.001645851486107075,0.1598486126847143,0.025822722408793908,0.08988014034473935
216031593,Kialla,9067.0,9445.0,9691.0,10058.0,10295.0,6298.0,49131.0,50290.0,54216.0,55999.0,58863.0,68987.0,9067.0,10648.75657920525,11992.83096460228,13170.735607980887,0.13543619719863242,0.19808267692495574,0.1262189040945607,0.4526012581869292
216031594,Shepparton - South East,16573.0,16431.0,16440.0,16404.0,16334.0,9504.0,37469.0,38560.0,42225.0,43027.0,44843.0,50471.0,16573.0,16800.590323412365,17187.990104622044,17677.85392765361,-0.014421046280094107,0.1968026902239184,0.023058700542791133,0.06666589800601042
217011420,Glenelg (Vic.),8872.0,8831.0,8787.0,8769.0,8773.0,5624.0,42267.0,42541.0,45068.0,48945.0,48181.0,57087.0,8872.0,8746.724147038904,8595.907216986006,8457.870371327917,-0.01115870153291254,0.13992003217640248,-0.017242675945594366,-0.046678271942299676
217011421,Hamilton (Vic.),10286.0,10190.0,10262.0,10271.0,10299.0,6501.0,43776.0,44453.0,46573.0,49224.0,50449.0,58146.0,10286.0,10176.896241289682,10233.677870598487,10290.76400323833,0.0012638537818394635,0.15243512426900585,0.005579464304493076,0.0004631541161121966
217011422,Portland,11183.0,11135.0,11124.0,11116.0,11124.0,6753.0,44944.0,45199.0,46222.0,48345.0,51042.0,60491.0,11183.0,11280.938375686681,11502.34299911175,11701.263986596703,-0.005275865152463588,0.1356799572801708,0.019626436742377074,0.046343913672243886
217011423,Southern Grampians,6266.0,6204.0,6174.0,6203.0,6205.0,4256.0,43506.0,41845.0,45500.0,47750.0,43034.0,50623.0,6266.0,6124.151184563811,5964.539259070912,5784.278217373529,-0.009735078199808456,-0.01084907828805226,-0.026062701700638624,-0.07687867581016139
217031471,Camperdown,3471.0,3428.0,3379.0,3367.0,3356.0,2166.0,42247.0,44210.0,46664.0,47646.0,49796.0,57677.0,3471.0,3415.676360640253,3368.5170415622692,3311.9580819308,-0.03313166234514553,0.1786872440646674,-0.013806729355688607,-0.04582020111472207
217031472,Colac,12698.0,12601.0,12602.0,12606.0,12558.0,8444.0,44733.0,45554.0,49096.0,50269.0,52653.0,60356.0,12698.0,13000.409638071038,13391.647810541153,13786.112552969944,-0.011025358324145529,0.17705049963114483,0.0300942957462198,0.08569164852496014
217031473,Colac Surrounds,5645.0,5583.0,5629.0,5667.0,5670.0,4004.0,39619.0,41906.0,45924.0,48546.0,48882.0,59359.0,5645.0,5640.635586515784,5661.447311886875,5678.286243749821,0.004428697962798989,0.2338019637042832,0.003689606437409676,0.0058965887953623675
217031474,Corangamite - North,5360.0,5336.0,5305.0,5222.0,5201.0,3489.0,43322.0,45539.0,45561.0,49145.0,49418.0,59115.0,5360.0,5313.235213954603,5280.6102555961115,5253.799261556617,-0.029664179104477606,0.14071372512811053,-0.006140318853719462,-0.019813570605108688
217031475,Corangamite - South,7146.0,7123.0,7138.0,7111.0,7089.0,5140.0,37817.0,41202.0,45050.0,47319.0,48644.0,61682.0,7146.0,7007.941416414381,6870.785212807365,6737.7001106533435,-0.007976490344248521,0.28629981225374834,-0.01957153969434755,-0.057136844297041245
217031476,Otway,3979.0,3965.0,3969.0,3926.0,3974.0,2774.0,32420.0,33597.0,38795.0,40989.0,41764.0,56136.0,3979.0,4111.484475259395,4289.478501340735,4468.252834549946,-0.0012565971349585148,0.2882171499074646,0.04329191248377762,0.1229587420331606
217041477,Moyne - East,6990.0,7022.0,7093.0,7097.0,7136.0,4855.0,43158.0,43759.0,47460.0,49857.0,50118.0,64344.0,6990.0,7186.714908630151,7360.379368128975,7519.164143158614,0.020886981402002958,0.16126789934658703,0.024164651263719916,0.07570302477233382
217041478,Moyne - West,9967.0,10076.0,10117.0,10177.0,10246.0,6869.0,43243.0,44966.0,48614.0,51579.0,51417.0,63858.0,9967.0,10405.281786446802,10856.414332929542,11281.105868694598,0.02799237483696193,0.18902481326457465,0.04335611045828225,0.1318456776055581
217041479,Warrnambool - North,22470.0,22550.0,22710.0,22841.0,23099.0,15412.0,45632.0,47821.0,50159.0,51796.0,55031.0,63722.0,22470.0,23254.18642870409,24207.4698784496,25181.03823761839,0.027992879394748593,0.2059738779803646,0.040994057249356564,0.12065145694785895
217041480,Warrnambool - South,13298.0,13287.0,13423.0,13507.0,13590.0,9143.0,44841.0,46303.0,49971.0,52467.0,54183.0,65305.0,13298.0,13433.504195252563,13574.34390327455,13746.032239498825,0.021958189201383593,0.20833612096072796,0.010484212159010742,0.03369170096998242
